category,question,answer,source_pages,article_no
รายวิชา,วิชา CALCULUS 1 (06026200) อยู่ในชั้นปีและภาคการศึกษาใด และมีหน่วยกิตเท่าไร? (หลักสูตร DSBA แผน coop),ปี 1 ภาคการศึกษาที่ 1 หน่วยกิต 3(3-0-6),15;28;66;312;351,
รายวิชา,วิชา LINEAR ALGEBRA (06026202) อยู่ในชั้นปีและภาคการศึกษาใด และมีหน่วยกิตเท่าไร? (หลักสูตร DSBA แผน coop),ปี 1 ภาคการศึกษาที่ 1 หน่วยกิต 3(3-0-6),15;67;313;351,
รายวิชา,"วิชา BUSINESS FUNDAMENTALS FOR INFORMATION
TECHNOLOGY (06066101) อยู่ในชั้นปีและภาคการศึกษาใด และมีหน่วยกิตเท่าไร? (หลักสูตร DSBA แผน coop)",ปี 1 ภาคการศึกษาที่ 1 หน่วยกิต 3(3-0-6),15;21;28;71;315;316;351,
รายวิชา,"วิชา PROBLEM SOLVING AND COMPUTER
PROGRAMMING (06066303) อยู่ในชั้นปีและภาคการศึกษาใด และมีหน่วยกิตเท่าไร? (หลักสูตร DSBA แผน coop)",ปี 1 ภาคการศึกษาที่ 1 หน่วยกิต 3(2-2-5),16;21;71;317;351,
รายวิชา,วิชา CHARM SCHOOL (90641001) อยู่ในชั้นปีและภาคการศึกษาใด และมีหน่วยกิตเท่าไร? (หลักสูตร DSBA แผน coop),ปี 1 ภาคการศึกษาที่ 1 หน่วยกิต 2(1-2-3),14;121;123;149;232;260;350,
รายวิชา,วิชา SPORTS AND RECREATIONAL ACTIVITIES (90641003) อยู่ในชั้นปีและภาคการศึกษาใด และมีหน่วยกิตเท่าไร? (หลักสูตร DSBA แผน coop),ปี 1 ภาคการศึกษาที่ 1 หน่วยกิต 1(0-3-2),14;121;123;149;232;260;350,
รายวิชา,วิชา FOUNDATION ENGLISH 1 (90644007) อยู่ในชั้นปีและภาคการศึกษาใด และมีหน่วยกิตเท่าไร? (หลักสูตร DSBA แผน coop),ปี 1 ภาคการศึกษาที่ 1 หน่วยกิต 3(3-0-6),14;121;134;207;211;350,
รายวิชา,วิชา CALCULUS 2 (06026201) อยู่ในชั้นปีและภาคการศึกษาใด และมีหน่วยกิตเท่าไร? (หลักสูตร DSBA แผน coop),ปี 1 ภาคการศึกษาที่ 2 หน่วยกิต 3(3-0-6),15;29;312;351,
รายวิชา,วิชา COMPUTER PROGRAMMING (06026203) อยู่ในชั้นปีและภาคการศึกษาใด และมีหน่วยกิตเท่าไร? (หลักสูตร DSBA แผน coop),ปี 1 ภาคการศึกษาที่ 2 หน่วยกิต 3(2-2-5),15;66;314;351,
รายวิชา,วิชา INTRODUCTION TO MARKETING (06026205) อยู่ในชั้นปีและภาคการศึกษาใด และมีหน่วยกิตเท่าไร? (หลักสูตร DSBA แผน coop),ปี 1 ภาคการศึกษาที่ 2 หน่วยกิต 3(3-0-6),16;318;352,
รายวิชา,วิชา PROBABILITY AND STATISTICS (06066001) อยู่ในชั้นปีและภาคการศึกษาใด และมีหน่วยกิตเท่าไร? (หลักสูตร DSBA แผน coop),ปี 1 ภาคการศึกษาที่ 2 หน่วยกิต 3(3-0-6),15;71;313;351,
รายวิชา,วิชา DIGITAL INTELLIGENCE QUOTIENT (90641002) อยู่ในชั้นปีและภาคการศึกษาใด และมีหน่วยกิตเท่าไร? (หลักสูตร DSBA แผน coop),ปี 1 ภาคการศึกษาที่ 2 หน่วยกิต 3(3-0-6),14;121;123;149;232;260;350,
รายวิชา,วิชา LAW FOR NEW GENERATION (90642033) อยู่ในชั้นปีและภาคการศึกษาใด และมีหน่วยกิตเท่าไร? (หลักสูตร DSBA แผน coop),ปี 1 ภาคการศึกษาที่ 2 หน่วยกิต 3(3-0-6),14;22;29;124;159;256;262;351,
รายวิชา,วิชา FOUNDATION ENGLISH 2 (90644008) อยู่ในชั้นปีและภาคการศึกษาใด และมีหน่วยกิตเท่าไร? (หลักสูตร DSBA แผน coop),ปี 1 ภาคการศึกษาที่ 2 หน่วยกิต 3(3-0-6),14;121;134;207;211;350,
รายวิชา,วิชา DATA ANALYTICS AND PROGRAMMING (06026206) อยู่ในชั้นปีและภาคการศึกษาใด และมีหน่วยกิตเท่าไร? (หลักสูตร DSBA แผน coop),ปี 2 ภาคการศึกษาที่ 1 หน่วยกิต 3(2-2-5),16;319;352,
รายวิชา,วิชา DISCRETE MATHEMATICS (06066000) อยู่ในชั้นปีและภาคการศึกษาใด และมีหน่วยกิตเท่าไร? (หลักสูตร DSBA แผน coop),ปี 2 ภาคการศึกษาที่ 1 หน่วยกิต 3(3-0-6),15;71;313;351,
รายวิชา,วิชา DATABASE SYSTEM CONCEPTS (06066300) อยู่ในชั้นปีและภาคการศึกษาใด และมีหน่วยกิตเท่าไร? (หลักสูตร DSBA แผน coop),ปี 2 ภาคการศึกษาที่ 1 หน่วยกิต 3(2-2-5),16;71;316;321;322;351,
รายวิชา,วิชา FUNDAMENTAL WEB PROGRAMMING (06066302) อยู่ในชั้นปีและภาคการศึกษาใด และมีหน่วยกิตเท่าไร? (หลักสูตร DSBA แผน coop),ปี 2 ภาคการศึกษาที่ 1 หน่วยกิต 3(2-2-5),16;71;317;351,
รายวิชา,วิชา INFORMATION SYSTEM ANALYSIS AND DESIGN (06066304) อยู่ในชั้นปีและภาคการศึกษาใด และมีหน่วยกิตเท่าไร? (หลักสูตร DSBA แผน coop),ปี 2 ภาคการศึกษาที่ 1 หน่วยกิต 3(3-0-6),16;318;351,
รายวิชา,วิชา ELECTIVE IN LANGUAGE AND COMMUNICATION (90644xxx) อยู่ในชั้นปีและภาคการศึกษาใด และมีหน่วยกิตเท่าไร? (หลักสูตร DSBA แผน coop),ปี 2 ภาคการศึกษาที่ 1 หน่วยกิต 3(3-0-6) หรือ 3(2-2-5),30,
รายวิชา,"วิชา INTRODUCTION TO NETWORKS AND
CYBERSECURITY (06026204) อยู่ในชั้นปีและภาคการศึกษาใด และมีหน่วยกิตเท่าไร? (หลักสูตร DSBA แผน coop)",ปี 2 ภาคการศึกษาที่ 2 หน่วยกิต 3(3-0-6),15;24;66;314,
รายวิชา,วิชา NOSQL DATABASE SYSTEMS (06026207) อยู่ในชั้นปีและภาคการศึกษาใด และมีหน่วยกิตเท่าไร? (หลักสูตร DSBA แผน coop),ปี 2 ภาคการศึกษาที่ 2 หน่วยกิต 3(2-2-5),16;66;319;352,
รายวิชา,วิชา FUNDAMENTALS OF DATA SCIENCE (06026208) อยู่ในชั้นปีและภาคการศึกษาใด และมีหน่วยกิตเท่าไร? (หลักสูตร DSBA แผน coop),ปี 2 ภาคการศึกษาที่ 2 หน่วยกิต 3(3-0-6),16;66;320;352,
รายวิชา,วิชา DATA VISUALIZATION (06026209) อยู่ในชั้นปีและภาคการศึกษาใด และมีหน่วยกิตเท่าไร? (หลักสูตร DSBA แผน coop),ปี 2 ภาคการศึกษาที่ 2 หน่วยกิต 3(2-2-5),16;66;320;352,
รายวิชา,วิชา OPTIMIZATION (06026210) อยู่ในชั้นปีและภาคการศึกษาใด และมีหน่วยกิตเท่าไร? (หลักสูตร DSBA แผน coop),ปี 2 ภาคการศึกษาที่ 2 หน่วยกิต 3(3-0-6),16;320;352,
รายวิชา,วิชา MANAGEMENT INFORMATION SYSTEMS (06066102) อยู่ในชั้นปีและภาคการศึกษาใด และมีหน่วยกิตเท่าไร? (หลักสูตร DSBA แผน coop),ปี 2 ภาคการศึกษาที่ 2 หน่วยกิต 3(3-0-6),16;71;316;351,
รายวิชา,วิชา DATA STRUCTURES AND ALGORITHMS (06066301) อยู่ในชั้นปีและภาคการศึกษาใด และมีหน่วยกิตเท่าไร? (หลักสูตร DSBA แผน coop),ปี 2 ภาคการศึกษาที่ 2 หน่วยกิต 3(2-2-5),16;31;71;317;351,
รายวิชา,วิชา APPLIED MACHINE LEARNING (06026211) อยู่ในชั้นปีและภาคการศึกษาใด และมีหน่วยกิตเท่าไร? (หลักสูตร DSBA แผน coop),ปี 3 ภาคการศึกษาที่ 1 หน่วยกิต 3(2-2-5),16;66;321;352,
รายวิชา,วิชา DATA WAREHOUSING (06026212) อยู่ในชั้นปีและภาคการศึกษาใด และมีหน่วยกิตเท่าไร? (หลักสูตร DSBA แผน coop),ปี 3 ภาคการศึกษาที่ 1 หน่วยกิต 3(2-2-5),16;25;321;352,
รายวิชา,"วิชา ELECTIVE IN DATA SCIENCE
ELECTIVE IN STATISTICAL ANALYSIS 1
ELECTIVE IN DATA ENGINEERING 1 (06026xxx) อยู่ในชั้นปีและภาคการศึกษาใด และมีหน่วยกิตเท่าไร? (หลักสูตร DSBA แผน coop)",ปี 3 ภาคการศึกษาที่ 1 หน่วยกิต 3(3-0-6) หรือ 3(2-2-5),25;26;27;32,
รายวิชา,"วิชา ELECTIVE IN DATA SCIENCE 2
ELECTIVE IN STATISTICAL ANALYTICS 2
ELECTIVE IN DATA ENGINEERING 2 (06026xxx) อยู่ในชั้นปีและภาคการศึกษาใด และมีหน่วยกิตเท่าไร? (หลักสูตร DSBA แผน coop)",ปี 3 ภาคการศึกษาที่ 1 หน่วยกิต 3(3-0-6) หรือ 3(2-2-5),25;26;27;32,
รายวิชา,วิชา ELECTIVE IN GENERAL EDUCATION (9064xxxx) อยู่ในชั้นปีและภาคการศึกษาใด และมีหน่วยกิตเท่าไร? (หลักสูตร DSBA แผน coop),ปี 3 ภาคการศึกษาที่ 1 หน่วยกิต 3(3-0-6) หรือ 3(2-2-5),351,
รายวิชา,"วิชา PROFESSIONAL COMMUNICATION AND
PRESENTATION (90644042) อยู่ในชั้นปีและภาคการศึกษาใด และมีหน่วยกิตเท่าไร? (หลักสูตร DSBA แผน coop)",ปี 3 ภาคการศึกษาที่ 1 หน่วยกิต 3(3-0-6),14;25;32;135;216;256;257;274;351,
รายวิชา,วิชา BIG DATA SYSTEMS (06026213) อยู่ในชั้นปีและภาคการศึกษาใด และมีหน่วยกิตเท่าไร? (หลักสูตร DSBA แผน coop),ปี 3 ภาคการศึกษาที่ 2 หน่วยกิต 3(2-2-5),16;26;67;322,
รายวิชา,"วิชา PROJECT IN DATA SCIENCE AND BUSINESS
ANALYTICS 1 (06026214) อยู่ในชั้นปีและภาคการศึกษาใด และมีหน่วยกิตเท่าไร? (หลักสูตร DSBA แผน coop)",ปี 3 ภาคการศึกษาที่ 2 หน่วยกิต 3(0-9-0),17;26;33;67;322;323;352,
รายวิชา,"วิชา ELECTIVE IN DATA SCIENCE 3
ELECTIVE IN STATISTICAL ANALYTICS 3
ELECTIVE IN DATA ENGINEERING 3 (06026xxx) อยู่ในชั้นปีและภาคการศึกษาใด และมีหน่วยกิตเท่าไร? (หลักสูตร DSBA แผน coop)",ปี 3 ภาคการศึกษาที่ 2 หน่วยกิต 3(3-0-6) หรือ 3(2-2-5),25;26;27;32,
รายวิชา,"วิชา ELECTIVE IN DATA SCIENCE 4
ELECTIVE IN STATISTICAL ANALYTICS 4
ELECTIVE IN DATA ENGINEERING 4 (06026xxx) อยู่ในชั้นปีและภาคการศึกษาใด และมีหน่วยกิตเท่าไร? (หลักสูตร DSBA แผน coop)",ปี 3 ภาคการศึกษาที่ 2 หน่วยกิต 3(3-0-6) หรือ 3(2-2-5),25;26;27;32,
รายวิชา,"วิชา INFORMATION TECHNOLOGY PROJECT
MANAGEMENT (06066100) อยู่ในชั้นปีและภาคการศึกษาใด และมีหน่วยกิตเท่าไร? (หลักสูตร DSBA แผน coop)",ปี 3 ภาคการศึกษาที่ 2 หน่วยกิต 3(3-0-6),15;26;33;71;351,
รายวิชา,วิชา MODERN ENTREPRENEURS (90643021) อยู่ในชั้นปีและภาคการศึกษาใด และมีหน่วยกิตเท่าไร? (หลักสูตร DSBA แผน coop),ปี 3 ภาคการศึกษาที่ 2 หน่วยกิต 3(3-0-6),14;26;33;132;199;253;255;256;351,
รายวิชา,"วิชา PROJECT IN DATA SCIENCE AND BUSINESS
ANALYTICS 2 (06026215) อยู่ในชั้นปีและภาคการศึกษาใด และมีหน่วยกิตเท่าไร? (หลักสูตร DSBA แผน coop)",ปี 4 ภาคการศึกษาที่ 1 หน่วยกิต 3(0-9-0),17;27;34;67;323;352,
รายวิชา,วิชา ELECTIVE IN GENERAL EDUCATION (9064xxxx) อยู่ในชั้นปีและภาคการศึกษาใด และมีหน่วยกิตเท่าไร? (หลักสูตร DSBA แผน coop),ปี 4 ภาคการศึกษาที่ 1 หน่วยกิต 3(3-0-6) หรือ 3(2-2-5),351,
รายวิชา,วิชา ARTIFICIAL INTELLIGENCE (06026216) อยู่ในชั้นปีและภาคการศึกษาใด และมีหน่วยกิตเท่าไร? (หลักสูตร DSBA แผน coop),ปี 0 ภาคการศึกษาที่ 0 หน่วยกิต 3(3-0-6),17;323;352,
รายวิชา,วิชา MACHINE LEARNING (06026217) อยู่ในชั้นปีและภาคการศึกษาใด และมีหน่วยกิตเท่าไร? (หลักสูตร DSBA แผน coop),ปี 0 ภาคการศึกษาที่ 0 หน่วยกิต 3(3-0-6),17;324;352,
รายวิชา,วิชา DEEP LEARNING (06026218) อยู่ในชั้นปีและภาคการศึกษาใด และมีหน่วยกิตเท่าไร? (หลักสูตร DSBA แผน coop),ปี 0 ภาคการศึกษาที่ 0 หน่วยกิต 3(2-2-5),17;67;324;352,
รายวิชา,วิชา NATURAL LANGUAGE PROCESSING (06026219) อยู่ในชั้นปีและภาคการศึกษาใด และมีหน่วยกิตเท่าไร? (หลักสูตร DSBA แผน coop),ปี 0 ภาคการศึกษาที่ 0 หน่วยกิต 3(3-0-6),17;67;324;352,
รายวิชา,วิชา PROCESS MINING (06026220) อยู่ในชั้นปีและภาคการศึกษาใด และมีหน่วยกิตเท่าไร? (หลักสูตร DSBA แผน coop),ปี 0 ภาคการศึกษาที่ 0 หน่วยกิต 3(3-0-6),17;67;325;352,
รายวิชา,วิชา INFORMATION RETRIEVAL (06026221) อยู่ในชั้นปีและภาคการศึกษาใด และมีหน่วยกิตเท่าไร? (หลักสูตร DSBA แผน coop),ปี 0 ภาคการศึกษาที่ 0 หน่วยกิต 3(3-0-6),17;67;325;352,
รายวิชา,วิชา COMPUTER VISION (06026222) อยู่ในชั้นปีและภาคการศึกษาใด และมีหน่วยกิตเท่าไร? (หลักสูตร DSBA แผน coop),ปี 0 ภาคการศึกษาที่ 0 หน่วยกิต 3(3-0-6),17;326;352,
รายวิชา,วิชา IMAGE PROCESSING (06026223) อยู่ในชั้นปีและภาคการศึกษาใด และมีหน่วยกิตเท่าไร? (หลักสูตร DSBA แผน coop),ปี 0 ภาคการศึกษาที่ 0 หน่วยกิต 3(3-0-6),17;326;352,
รายวิชา,วิชา IMAGE TRANSFORMATION AND RECOGNITION (06026224) อยู่ในชั้นปีและภาคการศึกษาใด และมีหน่วยกิตเท่าไร? (หลักสูตร DSBA แผน coop),ปี 0 ภาคการศึกษาที่ 0 หน่วยกิต 3(3-0-6),17;67;326;352,
รายวิชา,"วิชา DEEP LEARNING IN MEDICAL IMAGE AND VIDEO
ANALYSIS (06026225) อยู่ในชั้นปีและภาคการศึกษาใด และมีหน่วยกิตเท่าไร? (หลักสูตร DSBA แผน coop)",ปี 0 ภาคการศึกษาที่ 0 หน่วยกิต 3(2-2-5),17;68;327;352,
รายวิชา,วิชา SPECIAL TOPICS IN DATA SCIENCE 1 (06026226) อยู่ในชั้นปีและภาคการศึกษาใด และมีหน่วยกิตเท่าไร? (หลักสูตร DSBA แผน coop),ปี 0 ภาคการศึกษาที่ 0 หน่วยกิต 3(3-0-6),17;327;352,
รายวิชา,วิชา SPECIAL TOPICS IN DATA SCIENCE 2 (06026227) อยู่ในชั้นปีและภาคการศึกษาใด และมีหน่วยกิตเท่าไร? (หลักสูตร DSBA แผน coop),ปี 0 ภาคการศึกษาที่ 0 หน่วยกิต 3(3-0-6),17;68;328;352,
รายวิชา,วิชา SPECIAL WORKSHOP IN DATA SCIENCE 1 (06026228) อยู่ในชั้นปีและภาคการศึกษาใด และมีหน่วยกิตเท่าไร? (หลักสูตร DSBA แผน coop),ปี 0 ภาคการศึกษาที่ 0 หน่วยกิต 3(2-2-5),18;68;328;353,
รายวิชา,วิชา SPECIAL WORKSHOP IN DATA SCIENCE 2 (06026229) อยู่ในชั้นปีและภาคการศึกษาใด และมีหน่วยกิตเท่าไร? (หลักสูตร DSBA แผน coop),ปี 0 ภาคการศึกษาที่ 0 หน่วยกิต 3(2-2-5),18;68;328;353,
รายวิชา,วิชา TIME SERIES AND FORECASTING (06026230) อยู่ในชั้นปีและภาคการศึกษาใด และมีหน่วยกิตเท่าไร? (หลักสูตร DSBA แผน coop),ปี 0 ภาคการศึกษาที่ 0 หน่วยกิต 3(3-0-6),18;328;353,
รายวิชา,วิชา BAYESIAN STATISTICS (06026231) อยู่ในชั้นปีและภาคการศึกษาใด และมีหน่วยกิตเท่าไร? (หลักสูตร DSBA แผน coop),ปี 0 ภาคการศึกษาที่ 0 หน่วยกิต 3(3-0-6),18;329;353,
รายวิชา,วิชา INTRODUCTION TO STOCHASTIC PROCESS (06026232) อยู่ในชั้นปีและภาคการศึกษาใด และมีหน่วยกิตเท่าไร? (หลักสูตร DSBA แผน coop),ปี 0 ภาคการศึกษาที่ 0 หน่วยกิต 3(3-0-6),18;329;353,
รายวิชา,วิชา MULTIVARIATE DATA ANALYSIS (06026233) อยู่ในชั้นปีและภาคการศึกษาใด และมีหน่วยกิตเท่าไร? (หลักสูตร DSBA แผน coop),ปี 0 ภาคการศึกษาที่ 0 หน่วยกิต 3(3-0-6),18;68;329;353,
รายวิชา,วิชา EXPERIMENTAL DESIGN (06026234) อยู่ในชั้นปีและภาคการศึกษาใด และมีหน่วยกิตเท่าไร? (หลักสูตร DSBA แผน coop),ปี 0 ภาคการศึกษาที่ 0 หน่วยกิต 3(3-0-6),18;330;353,
รายวิชา,วิชา SPECIAL TOPICS IN STATISTICAL ANALYTICS 1 (06026235) อยู่ในชั้นปีและภาคการศึกษาใด และมีหน่วยกิตเท่าไร? (หลักสูตร DSBA แผน coop),ปี 0 ภาคการศึกษาที่ 0 หน่วยกิต 3(3-0-6),18;68;330;353,
รายวิชา,วิชา SPECIAL TOPICS IN STATISTICAL ANALYTICS 2 (06026236) อยู่ในชั้นปีและภาคการศึกษาใด และมีหน่วยกิตเท่าไร? (หลักสูตร DSBA แผน coop),ปี 0 ภาคการศึกษาที่ 0 หน่วยกิต 3(3-0-6),18;68;330;353,
รายวิชา,วิชา SPECIAL WORKSHOP IN STATISTICAL ANALYTICS 1 (06026237) อยู่ในชั้นปีและภาคการศึกษาใด และมีหน่วยกิตเท่าไร? (หลักสูตร DSBA แผน coop),ปี 0 ภาคการศึกษาที่ 0 หน่วยกิต 3(2-2-5),18;331;353,
รายวิชา,วิชา SPECIAL WORKSHOP IN STATISTICAL ANALYTICS 2 (06026238) อยู่ในชั้นปีและภาคการศึกษาใด และมีหน่วยกิตเท่าไร? (หลักสูตร DSBA แผน coop),ปี 0 ภาคการศึกษาที่ 0 หน่วยกิต 3(2-2-5),18;69;331;353,
รายวิชา,วิชา DATA PIPELINE ARCHITECTURE (06026239) อยู่ในชั้นปีและภาคการศึกษาใด และมีหน่วยกิตเท่าไร? (หลักสูตร DSBA แผน coop),ปี 0 ภาคการศึกษาที่ 0 หน่วยกิต 3(3-0-6),18;331;353,
รายวิชา,วิชา INTELLIGENT SYSTEM DEVELOPMENT (06026240) อยู่ในชั้นปีและภาคการศึกษาใด และมีหน่วยกิตเท่าไร? (หลักสูตร DSBA แผน coop),ปี 0 ภาคการศึกษาที่ 0 หน่วยกิต 3(2-2-5),18;332;353,
รายวิชา,วิชา MACHINE LEARNING OPERATIONS (06026241) อยู่ในชั้นปีและภาคการศึกษาใด และมีหน่วยกิตเท่าไร? (หลักสูตร DSBA แผน coop),ปี 0 ภาคการศึกษาที่ 0 หน่วยกิต 3(3-0-6),18;69;332;353,
รายวิชา,วิชา CLOUD TECHNOLOGY INFRASTRUCTURE (06026242) อยู่ในชั้นปีและภาคการศึกษาใด และมีหน่วยกิตเท่าไร? (หลักสูตร DSBA แผน coop),ปี 0 ภาคการศึกษาที่ 0 หน่วยกิต 3(3-0-6),18;332;353,
รายวิชา,วิชา ADVANCED DATABASE SYSTEMS (06026243) อยู่ในชั้นปีและภาคการศึกษาใด และมีหน่วยกิตเท่าไร? (หลักสูตร DSBA แผน coop),ปี 0 ภาคการศึกษาที่ 0 หน่วยกิต 3(3-0-6),19;333;353,
รายวิชา,"วิชา DATABASE SYSTEM MAINTENANCE AND
ADMINISTRATION (06026244) อยู่ในชั้นปีและภาคการศึกษาใด และมีหน่วยกิตเท่าไร? (หลักสูตร DSBA แผน coop)",ปี 0 ภาคการศึกษาที่ 0 หน่วยกิต 3(2-2-5),19;333,
รายวิชา,วิชา DISTRIBUTED DATABASE SYSTEMS (06026245) อยู่ในชั้นปีและภาคการศึกษาใด และมีหน่วยกิตเท่าไร? (หลักสูตร DSBA แผน coop),ปี 0 ภาคการศึกษาที่ 0 หน่วยกิต 3(3-0-6),19;334;353,
รายวิชา,วิชา SPECIAL TOPICS IN DATA ENGINEERING 1 (06026246) อยู่ในชั้นปีและภาคการศึกษาใด และมีหน่วยกิตเท่าไร? (หลักสูตร DSBA แผน coop),ปี 0 ภาคการศึกษาที่ 0 หน่วยกิต 3(3-0-6),19;69;334;353,
รายวิชา,วิชา SPECIAL TOPICS IN DATA ENGINEERING 2 (06026247) อยู่ในชั้นปีและภาคการศึกษาใด และมีหน่วยกิตเท่าไร? (หลักสูตร DSBA แผน coop),ปี 0 ภาคการศึกษาที่ 0 หน่วยกิต 3(3-0-6),19;69;334;353,
รายวิชา,วิชา SPECIAL WORKSHOP IN DATA ENGINEERING 1 (06026248) อยู่ในชั้นปีและภาคการศึกษาใด และมีหน่วยกิตเท่าไร? (หลักสูตร DSBA แผน coop),ปี 0 ภาคการศึกษาที่ 0 หน่วยกิต 3(2-2-5),19;335;353,
รายวิชา,วิชา SPECIAL WORKSHOP IN DATA ENGINEERING 2 (06026249) อยู่ในชั้นปีและภาคการศึกษาใด และมีหน่วยกิตเท่าไร? (หลักสูตร DSBA แผน coop),ปี 0 ภาคการศึกษาที่ 0 หน่วยกิต 3(2-2-5),19;69;335;353,
รายวิชา,วิชา DATA SCIENCE FOR BUSINESS (06026250) อยู่ในชั้นปีและภาคการศึกษาใด และมีหน่วยกิตเท่าไร? (หลักสูตร DSBA แผน coop),ปี 0 ภาคการศึกษาที่ 0 หน่วยกิต 3(2-2-5),19;70;335;353,
รายวิชา,วิชา FINANCIAL ACCOUNTING (06026251) อยู่ในชั้นปีและภาคการศึกษาใด และมีหน่วยกิตเท่าไร? (หลักสูตร DSBA แผน coop),ปี 0 ภาคการศึกษาที่ 0 หน่วยกิต 3(3-0-6),19;336;353,
รายวิชา,วิชา FINANCIAL ANALYTICS (06026252) อยู่ในชั้นปีและภาคการศึกษาใด และมีหน่วยกิตเท่าไร? (หลักสูตร DSBA แผน coop),ปี 0 ภาคการศึกษาที่ 0 หน่วยกิต 3(2-2-5),19;70;336;354,
รายวิชา,วิชา MARKETING ANALYTICS (06026253) อยู่ในชั้นปีและภาคการศึกษาใด และมีหน่วยกิตเท่าไร? (หลักสูตร DSBA แผน coop),ปี 0 ภาคการศึกษาที่ 0 หน่วยกิต 3(2-2-5),19;70;336;354,
รายวิชา,วิชา INTRODUCTION TO HEALTH ANALYTICS (06026254) อยู่ในชั้นปีและภาคการศึกษาใด และมีหน่วยกิตเท่าไร? (หลักสูตร DSBA แผน coop),ปี 0 ภาคการศึกษาที่ 0 หน่วยกิต 3(2-2-5),19;337;354,
รายวิชา,วิชา CLINICAL DATA ACQUISITION AND MANAGEMENT (06026255) อยู่ในชั้นปีและภาคการศึกษาใด และมีหน่วยกิตเท่าไร? (หลักสูตร DSBA แผน coop),ปี 0 ภาคการศึกษาที่ 0 หน่วยกิต 3(2-2-5),19;337;354,
รายวิชา,วิชา OPERATIONS MANAGEMENT (06026256) อยู่ในชั้นปีและภาคการศึกษาใด และมีหน่วยกิตเท่าไร? (หลักสูตร DSBA แผน coop),ปี 0 ภาคการศึกษาที่ 0 หน่วยกิต 3(3-0-6),19;70;338;354,
รายวิชา,"วิชา BUSINESS STRATEGIC AND PERFORMANCE
MANAGEMENT (06026257) อยู่ในชั้นปีและภาคการศึกษาใด และมีหน่วยกิตเท่าไร? (หลักสูตร DSBA แผน coop)",ปี 0 ภาคการศึกษาที่ 0 หน่วยกิต 3(3-0-6),20;70;338;354,
รายวิชา,วิชา SOCIAL NETWORK ANALYSIS (06026258) อยู่ในชั้นปีและภาคการศึกษาใด และมีหน่วยกิตเท่าไร? (หลักสูตร DSBA แผน coop),ปี 0 ภาคการศึกษาที่ 0 หน่วยกิต 3(3-0-6),20;70;339;354,
รายวิชา,"วิชา COOPERATIVE EDUCATION IN DATA
SCIENCE AND BUSINESS ANALYTICS (06026259) อยู่ในชั้นปีและภาคการศึกษาใด และมีหน่วยกิตเท่าไร? (หลักสูตร DSBA แผน coop)",ปี 0 ภาคการศึกษาที่ 0 หน่วยกิต 6(0-35-0),20;34;70;339;354,
รายวิชา,"วิชา OVERSEA COOPERATIVE EDUCATION IN DATA
SCIENCE AND BUSINESS ANALYTICS (06026260) อยู่ในชั้นปีและภาคการศึกษาใด และมีหน่วยกิตเท่าไร? (หลักสูตร DSBA แผน coop)",ปี 0 ภาคการศึกษาที่ 0 หน่วยกิต 6(0-35-0),20;34;69;70;339;354,
รายวิชา,วิชา CALCULUS 1 (06026200) อยู่ในชั้นปีและภาคการศึกษาใด และมีหน่วยกิตเท่าไร? (หลักสูตร DSBA แผน no_coop),ปี 1 ภาคการศึกษาที่ 1 หน่วยกิต 3(3-0-6),15;28;66;312;351,
รายวิชา,วิชา LINEAR ALGEBRA (06026202) อยู่ในชั้นปีและภาคการศึกษาใด และมีหน่วยกิตเท่าไร? (หลักสูตร DSBA แผน no_coop),ปี 1 ภาคการศึกษาที่ 1 หน่วยกิต 3(3-0-6),15;67;313;351,
รายวิชา,"วิชา BUSINESS FUNDAMENTALS FOR INFORMATION
TECHNOLOGY (06066101) อยู่ในชั้นปีและภาคการศึกษาใด และมีหน่วยกิตเท่าไร? (หลักสูตร DSBA แผน no_coop)",ปี 1 ภาคการศึกษาที่ 1 หน่วยกิต 3(3-0-6),15;21;28;71;315;316;351,
รายวิชา,"วิชา PROBLEM SOLVING AND COMPUTER
PROGRAMMING (06066303) อยู่ในชั้นปีและภาคการศึกษาใด และมีหน่วยกิตเท่าไร? (หลักสูตร DSBA แผน no_coop)",ปี 1 ภาคการศึกษาที่ 1 หน่วยกิต 3(2-2-5),16;21;71;317;351,
รายวิชา,วิชา CHARM SCHOOL (90641001) อยู่ในชั้นปีและภาคการศึกษาใด และมีหน่วยกิตเท่าไร? (หลักสูตร DSBA แผน no_coop),ปี 1 ภาคการศึกษาที่ 1 หน่วยกิต 2(1-2-3),14;121;123;149;232;260;350,
รายวิชา,วิชา SPORTS AND RECREATIONAL ACTIVITIES (90641003) อยู่ในชั้นปีและภาคการศึกษาใด และมีหน่วยกิตเท่าไร? (หลักสูตร DSBA แผน no_coop),ปี 1 ภาคการศึกษาที่ 1 หน่วยกิต 1(0-3-2),14;121;123;149;232;260;350,
รายวิชา,วิชา FOUNDATION ENGLISH 1 (90644007) อยู่ในชั้นปีและภาคการศึกษาใด และมีหน่วยกิตเท่าไร? (หลักสูตร DSBA แผน no_coop),ปี 1 ภาคการศึกษาที่ 1 หน่วยกิต 3(3-0-6),14;121;134;207;211;350,
รายวิชา,วิชา CALCULUS 2 (06026201) อยู่ในชั้นปีและภาคการศึกษาใด และมีหน่วยกิตเท่าไร? (หลักสูตร DSBA แผน no_coop),ปี 1 ภาคการศึกษาที่ 2 หน่วยกิต 3(3-0-6),15;29;312;351,
รายวิชา,วิชา COMPUTER PROGRAMMING (06026203) อยู่ในชั้นปีและภาคการศึกษาใด และมีหน่วยกิตเท่าไร? (หลักสูตร DSBA แผน no_coop),ปี 1 ภาคการศึกษาที่ 2 หน่วยกิต 3(2-2-5),15;66;314;351,
รายวิชา,วิชา INTRODUCTION TO MARKETING (06026205) อยู่ในชั้นปีและภาคการศึกษาใด และมีหน่วยกิตเท่าไร? (หลักสูตร DSBA แผน no_coop),ปี 1 ภาคการศึกษาที่ 2 หน่วยกิต 3(3-0-6),16;318;352,
รายวิชา,วิชา PROBABILITY AND STATISTICS (06066001) อยู่ในชั้นปีและภาคการศึกษาใด และมีหน่วยกิตเท่าไร? (หลักสูตร DSBA แผน no_coop),ปี 1 ภาคการศึกษาที่ 2 หน่วยกิต 3(3-0-6),15;71;313;351,
รายวิชา,วิชา DIGITAL INTELLIGENCE QUOTIENT (90641002) อยู่ในชั้นปีและภาคการศึกษาใด และมีหน่วยกิตเท่าไร? (หลักสูตร DSBA แผน no_coop),ปี 1 ภาคการศึกษาที่ 2 หน่วยกิต 3(3-0-6),14;121;123;149;232;260;350,
รายวิชา,วิชา LAW FOR NEW GENERATION (90642033) อยู่ในชั้นปีและภาคการศึกษาใด และมีหน่วยกิตเท่าไร? (หลักสูตร DSBA แผน no_coop),ปี 1 ภาคการศึกษาที่ 2 หน่วยกิต 3(3-0-6),14;22;29;124;159;256;262;351,
รายวิชา,วิชา FOUNDATION ENGLISH 2 (90644008) อยู่ในชั้นปีและภาคการศึกษาใด และมีหน่วยกิตเท่าไร? (หลักสูตร DSBA แผน no_coop),ปี 1 ภาคการศึกษาที่ 2 หน่วยกิต 3(3-0-6),14;121;134;207;211;350,
รายวิชา,วิชา DATA ANALYTICS AND PROGRAMMING (06026206) อยู่ในชั้นปีและภาคการศึกษาใด และมีหน่วยกิตเท่าไร? (หลักสูตร DSBA แผน no_coop),ปี 2 ภาคการศึกษาที่ 1 หน่วยกิต 3(2-2-5),16;319;352,
รายวิชา,วิชา DISCRETE MATHEMATICS (06066000) อยู่ในชั้นปีและภาคการศึกษาใด และมีหน่วยกิตเท่าไร? (หลักสูตร DSBA แผน no_coop),ปี 2 ภาคการศึกษาที่ 1 หน่วยกิต 3(3-0-6),15;71;313;351,
รายวิชา,วิชา DATABASE SYSTEM CONCEPTS (06066300) อยู่ในชั้นปีและภาคการศึกษาใด และมีหน่วยกิตเท่าไร? (หลักสูตร DSBA แผน no_coop),ปี 2 ภาคการศึกษาที่ 1 หน่วยกิต 3(2-2-5),16;71;316;321;322;351,
รายวิชา,วิชา FUNDAMENTAL WEB PROGRAMMING (06066302) อยู่ในชั้นปีและภาคการศึกษาใด และมีหน่วยกิตเท่าไร? (หลักสูตร DSBA แผน no_coop),ปี 2 ภาคการศึกษาที่ 1 หน่วยกิต 3(2-2-5),16;71;317;351,
รายวิชา,วิชา INFORMATION SYSTEM ANALYSIS AND DESIGN (06066304) อยู่ในชั้นปีและภาคการศึกษาใด และมีหน่วยกิตเท่าไร? (หลักสูตร DSBA แผน no_coop),ปี 2 ภาคการศึกษาที่ 1 หน่วยกิต 3(3-0-6),16;318;351,
รายวิชา,วิชา ELECTIVE IN LANGUAGE AND COMMUNICATION (90644xxx) อยู่ในชั้นปีและภาคการศึกษาใด และมีหน่วยกิตเท่าไร? (หลักสูตร DSBA แผน no_coop),ปี 2 ภาคการศึกษาที่ 1 หน่วยกิต 3(3-0-6) หรือ 3(2-2-5),30,
รายวิชา,"วิชา INTRODUCTION TO NETWORKS AND
CYBERSECURITY (06026204) อยู่ในชั้นปีและภาคการศึกษาใด และมีหน่วยกิตเท่าไร? (หลักสูตร DSBA แผน no_coop)",ปี 2 ภาคการศึกษาที่ 2 หน่วยกิต 3(3-0-6),15;24;66;314,
รายวิชา,วิชา NOSQL DATABASE SYSTEMS (06026207) อยู่ในชั้นปีและภาคการศึกษาใด และมีหน่วยกิตเท่าไร? (หลักสูตร DSBA แผน no_coop),ปี 2 ภาคการศึกษาที่ 2 หน่วยกิต 3(2-2-5),16;66;319;352,
รายวิชา,วิชา FUNDAMENTALS OF DATA SCIENCE (06026208) อยู่ในชั้นปีและภาคการศึกษาใด และมีหน่วยกิตเท่าไร? (หลักสูตร DSBA แผน no_coop),ปี 2 ภาคการศึกษาที่ 2 หน่วยกิต 3(3-0-6),16;66;320;352,
รายวิชา,วิชา DATA VISUALIZATION (06026209) อยู่ในชั้นปีและภาคการศึกษาใด และมีหน่วยกิตเท่าไร? (หลักสูตร DSBA แผน no_coop),ปี 2 ภาคการศึกษาที่ 2 หน่วยกิต 3(2-2-5),16;66;320;352,
รายวิชา,วิชา OPTIMIZATION (06026210) อยู่ในชั้นปีและภาคการศึกษาใด และมีหน่วยกิตเท่าไร? (หลักสูตร DSBA แผน no_coop),ปี 2 ภาคการศึกษาที่ 2 หน่วยกิต 3(3-0-6),16;320;352,
รายวิชา,วิชา MANAGEMENT INFORMATION SYSTEMS (06066102) อยู่ในชั้นปีและภาคการศึกษาใด และมีหน่วยกิตเท่าไร? (หลักสูตร DSBA แผน no_coop),ปี 2 ภาคการศึกษาที่ 2 หน่วยกิต 3(3-0-6),16;71;316;351,
รายวิชา,วิชา DATA STRUCTURES AND ALGORITHMS (06066301) อยู่ในชั้นปีและภาคการศึกษาใด และมีหน่วยกิตเท่าไร? (หลักสูตร DSBA แผน no_coop),ปี 2 ภาคการศึกษาที่ 2 หน่วยกิต 3(2-2-5),16;31;71;317;351,
รายวิชา,วิชา APPLIED MACHINE LEARNING (06026211) อยู่ในชั้นปีและภาคการศึกษาใด และมีหน่วยกิตเท่าไร? (หลักสูตร DSBA แผน no_coop),ปี 3 ภาคการศึกษาที่ 1 หน่วยกิต 3(2-2-5),16;66;321;352,
รายวิชา,วิชา DATA WAREHOUSING (06026212) อยู่ในชั้นปีและภาคการศึกษาใด และมีหน่วยกิตเท่าไร? (หลักสูตร DSBA แผน no_coop),ปี 3 ภาคการศึกษาที่ 1 หน่วยกิต 3(2-2-5),16;25;321;352,
รายวิชา,"วิชา ELECTIVE IN DATA SCIENCE
ELECTIVE IN STATISTICAL ANALYSIS 1
ELECTIVE IN DATA ENGINEERING 1 (06026xxx) อยู่ในชั้นปีและภาคการศึกษาใด และมีหน่วยกิตเท่าไร? (หลักสูตร DSBA แผน no_coop)",ปี 3 ภาคการศึกษาที่ 1 หน่วยกิต 3(3-0-6) หรือ 3(2-2-5),25;26;27;32,
รายวิชา,"วิชา ELECTIVE IN DATA SCIENCE 2
ELECTIVE IN STATISTICAL ANALYTICS 2
ELECTIVE IN DATA ENGINEERING 2 (06026xxx) อยู่ในชั้นปีและภาคการศึกษาใด และมีหน่วยกิตเท่าไร? (หลักสูตร DSBA แผน no_coop)",ปี 3 ภาคการศึกษาที่ 1 หน่วยกิต 3(3-0-6) หรือ 3(2-2-5),25;26;27;32,
รายวิชา,วิชา ELECTIVE IN GENERAL EDUCATION (9064xxxx) อยู่ในชั้นปีและภาคการศึกษาใด และมีหน่วยกิตเท่าไร? (หลักสูตร DSBA แผน no_coop),ปี 3 ภาคการศึกษาที่ 1 หน่วยกิต 3(3-0-6) หรือ 3(2-2-5),351,
รายวิชา,"วิชา PROFESSIONAL COMMUNICATION AND
PRESENTATION (90644042) อยู่ในชั้นปีและภาคการศึกษาใด และมีหน่วยกิตเท่าไร? (หลักสูตร DSBA แผน no_coop)",ปี 3 ภาคการศึกษาที่ 1 หน่วยกิต 3(3-0-6),14;25;32;135;216;256;257;274;351,
รายวิชา,วิชา BIG DATA SYSTEMS (06026213) อยู่ในชั้นปีและภาคการศึกษาใด และมีหน่วยกิตเท่าไร? (หลักสูตร DSBA แผน no_coop),ปี 3 ภาคการศึกษาที่ 2 หน่วยกิต 3(2-2-5),16;26;67;322,
รายวิชา,"วิชา PROJECT IN DATA SCIENCE AND BUSINESS
ANALYTICS 1 (06026214) อยู่ในชั้นปีและภาคการศึกษาใด และมีหน่วยกิตเท่าไร? (หลักสูตร DSBA แผน no_coop)",ปี 3 ภาคการศึกษาที่ 2 หน่วยกิต 3(0-9-0),17;26;33;67;322;323;352,
รายวิชา,"วิชา ELECTIVE IN DATA SCIENCE 3
ELECTIVE IN STATISTICAL ANALYTICS 3
ELECTIVE IN DATA ENGINEERING 3 (06026xxx) อยู่ในชั้นปีและภาคการศึกษาใด และมีหน่วยกิตเท่าไร? (หลักสูตร DSBA แผน no_coop)",ปี 3 ภาคการศึกษาที่ 2 หน่วยกิต 3(3-0-6) หรือ 3(2-2-5),25;26;27;32,
รายวิชา,"วิชา ELECTIVE IN DATA SCIENCE 4
ELECTIVE IN STATISTICAL ANALYTICS 4
ELECTIVE IN DATA ENGINEERING 4 (06026xxx) อยู่ในชั้นปีและภาคการศึกษาใด และมีหน่วยกิตเท่าไร? (หลักสูตร DSBA แผน no_coop)",ปี 3 ภาคการศึกษาที่ 2 หน่วยกิต 3(3-0-6) หรือ 3(2-2-5),25;26;27;32,
รายวิชา,"วิชา INFORMATION TECHNOLOGY PROJECT
MANAGEMENT (06066100) อยู่ในชั้นปีและภาคการศึกษาใด และมีหน่วยกิตเท่าไร? (หลักสูตร DSBA แผน no_coop)",ปี 3 ภาคการศึกษาที่ 2 หน่วยกิต 3(3-0-6),15;26;33;71;351,
รายวิชา,วิชา MODERN ENTREPRENEURS (90643021) อยู่ในชั้นปีและภาคการศึกษาใด และมีหน่วยกิตเท่าไร? (หลักสูตร DSBA แผน no_coop),ปี 3 ภาคการศึกษาที่ 2 หน่วยกิต 3(3-0-6),14;26;33;132;199;253;255;256;351,
รายวิชา,"วิชา PROJECT IN DATA SCIENCE AND BUSINESS
ANALYTICS 2 (06026215) อยู่ในชั้นปีและภาคการศึกษาใด และมีหน่วยกิตเท่าไร? (หลักสูตร DSBA แผน no_coop)",ปี 4 ภาคการศึกษาที่ 1 หน่วยกิต 3(0-9-0),17;27;34;67;323;352,
รายวิชา,"วิชา ELECTIVE IN ELECTIVE OR SPECIFIC
PROFESSIONAL COURSES 1 (06026xxx) อยู่ในชั้นปีและภาคการศึกษาใด และมีหน่วยกิตเท่าไร? (หลักสูตร DSBA แผน no_coop)",ปี 4 ภาคการศึกษาที่ 1 หน่วยกิต 3(3-0-6) หรือ 3(2-2-5),25;26;27;32,
รายวิชา,"วิชา ELECTIVE IN ELECTIVE OR SPECIFIC PROFESSIONAL
COURSES 2 (06026xxx) อยู่ในชั้นปีและภาคการศึกษาใด และมีหน่วยกิตเท่าไร? (หลักสูตร DSBA แผน no_coop)",ปี 4 ภาคการศึกษาที่ 1 หน่วยกิต 3(3-0-6) หรือ 3(2-2-5),25;26;27;32,
รายวิชา,วิชา ELECTIVE IN GENERAL EDUCATION (9064xxxx) อยู่ในชั้นปีและภาคการศึกษาใด และมีหน่วยกิตเท่าไร? (หลักสูตร DSBA แผน no_coop),ปี 4 ภาคการศึกษาที่ 2 หน่วยกิต 3(3-0-6) หรือ 3(2-2-5),351,
รายวิชา,วิชา ARTIFICIAL INTELLIGENCE (06026216) อยู่ในชั้นปีและภาคการศึกษาใด และมีหน่วยกิตเท่าไร? (หลักสูตร DSBA แผน no_coop),ปี 0 ภาคการศึกษาที่ 0 หน่วยกิต 3(3-0-6),17;323;352,
รายวิชา,วิชา MACHINE LEARNING (06026217) อยู่ในชั้นปีและภาคการศึกษาใด และมีหน่วยกิตเท่าไร? (หลักสูตร DSBA แผน no_coop),ปี 0 ภาคการศึกษาที่ 0 หน่วยกิต 3(3-0-6),17;324;352,
รายวิชา,วิชา DEEP LEARNING (06026218) อยู่ในชั้นปีและภาคการศึกษาใด และมีหน่วยกิตเท่าไร? (หลักสูตร DSBA แผน no_coop),ปี 0 ภาคการศึกษาที่ 0 หน่วยกิต 3(2-2-5),17;67;324;352,
รายวิชา,วิชา NATURAL LANGUAGE PROCESSING (06026219) อยู่ในชั้นปีและภาคการศึกษาใด และมีหน่วยกิตเท่าไร? (หลักสูตร DSBA แผน no_coop),ปี 0 ภาคการศึกษาที่ 0 หน่วยกิต 3(3-0-6),17;67;324;352,
รายวิชา,วิชา PROCESS MINING (06026220) อยู่ในชั้นปีและภาคการศึกษาใด และมีหน่วยกิตเท่าไร? (หลักสูตร DSBA แผน no_coop),ปี 0 ภาคการศึกษาที่ 0 หน่วยกิต 3(3-0-6),17;67;325;352,
รายวิชา,วิชา INFORMATION RETRIEVAL (06026221) อยู่ในชั้นปีและภาคการศึกษาใด และมีหน่วยกิตเท่าไร? (หลักสูตร DSBA แผน no_coop),ปี 0 ภาคการศึกษาที่ 0 หน่วยกิต 3(3-0-6),17;67;325;352,
รายวิชา,วิชา COMPUTER VISION (06026222) อยู่ในชั้นปีและภาคการศึกษาใด และมีหน่วยกิตเท่าไร? (หลักสูตร DSBA แผน no_coop),ปี 0 ภาคการศึกษาที่ 0 หน่วยกิต 3(3-0-6),17;326;352,
รายวิชา,วิชา IMAGE PROCESSING (06026223) อยู่ในชั้นปีและภาคการศึกษาใด และมีหน่วยกิตเท่าไร? (หลักสูตร DSBA แผน no_coop),ปี 0 ภาคการศึกษาที่ 0 หน่วยกิต 3(3-0-6),17;326;352,
รายวิชา,วิชา IMAGE TRANSFORMATION AND RECOGNITION (06026224) อยู่ในชั้นปีและภาคการศึกษาใด และมีหน่วยกิตเท่าไร? (หลักสูตร DSBA แผน no_coop),ปี 0 ภาคการศึกษาที่ 0 หน่วยกิต 3(3-0-6),17;67;326;352,
รายวิชา,"วิชา DEEP LEARNING IN MEDICAL IMAGE AND VIDEO
ANALYSIS (06026225) อยู่ในชั้นปีและภาคการศึกษาใด และมีหน่วยกิตเท่าไร? (หลักสูตร DSBA แผน no_coop)",ปี 0 ภาคการศึกษาที่ 0 หน่วยกิต 3(2-2-5),17;68;327;352,
รายวิชา,วิชา SPECIAL TOPICS IN DATA SCIENCE 1 (06026226) อยู่ในชั้นปีและภาคการศึกษาใด และมีหน่วยกิตเท่าไร? (หลักสูตร DSBA แผน no_coop),ปี 0 ภาคการศึกษาที่ 0 หน่วยกิต 3(3-0-6),17;327;352,
รายวิชา,วิชา SPECIAL TOPICS IN DATA SCIENCE 2 (06026227) อยู่ในชั้นปีและภาคการศึกษาใด และมีหน่วยกิตเท่าไร? (หลักสูตร DSBA แผน no_coop),ปี 0 ภาคการศึกษาที่ 0 หน่วยกิต 3(3-0-6),17;68;328;352,
รายวิชา,วิชา SPECIAL WORKSHOP IN DATA SCIENCE 1 (06026228) อยู่ในชั้นปีและภาคการศึกษาใด และมีหน่วยกิตเท่าไร? (หลักสูตร DSBA แผน no_coop),ปี 0 ภาคการศึกษาที่ 0 หน่วยกิต 3(2-2-5),18;68;328;353,
รายวิชา,วิชา SPECIAL WORKSHOP IN DATA SCIENCE 2 (06026229) อยู่ในชั้นปีและภาคการศึกษาใด และมีหน่วยกิตเท่าไร? (หลักสูตร DSBA แผน no_coop),ปี 0 ภาคการศึกษาที่ 0 หน่วยกิต 3(2-2-5),18;68;328;353,
รายวิชา,วิชา TIME SERIES AND FORECASTING (06026230) อยู่ในชั้นปีและภาคการศึกษาใด และมีหน่วยกิตเท่าไร? (หลักสูตร DSBA แผน no_coop),ปี 0 ภาคการศึกษาที่ 0 หน่วยกิต 3(3-0-6),18;328;353,
รายวิชา,วิชา BAYESIAN STATISTICS (06026231) อยู่ในชั้นปีและภาคการศึกษาใด และมีหน่วยกิตเท่าไร? (หลักสูตร DSBA แผน no_coop),ปี 0 ภาคการศึกษาที่ 0 หน่วยกิต 3(3-0-6),18;329;353,
รายวิชา,วิชา INTRODUCTION TO STOCHASTIC PROCESS (06026232) อยู่ในชั้นปีและภาคการศึกษาใด และมีหน่วยกิตเท่าไร? (หลักสูตร DSBA แผน no_coop),ปี 0 ภาคการศึกษาที่ 0 หน่วยกิต 3(3-0-6),18;329;353,
รายวิชา,วิชา MULTIVARIATE DATA ANALYSIS (06026233) อยู่ในชั้นปีและภาคการศึกษาใด และมีหน่วยกิตเท่าไร? (หลักสูตร DSBA แผน no_coop),ปี 0 ภาคการศึกษาที่ 0 หน่วยกิต 3(3-0-6),18;68;329;353,
รายวิชา,วิชา EXPERIMENTAL DESIGN (06026234) อยู่ในชั้นปีและภาคการศึกษาใด และมีหน่วยกิตเท่าไร? (หลักสูตร DSBA แผน no_coop),ปี 0 ภาคการศึกษาที่ 0 หน่วยกิต 3(3-0-6),18;330;353,
รายวิชา,วิชา SPECIAL TOPICS IN STATISTICAL ANALYTICS 1 (06026235) อยู่ในชั้นปีและภาคการศึกษาใด และมีหน่วยกิตเท่าไร? (หลักสูตร DSBA แผน no_coop),ปี 0 ภาคการศึกษาที่ 0 หน่วยกิต 3(3-0-6),18;68;330;353,
รายวิชา,วิชา SPECIAL TOPICS IN STATISTICAL ANALYTICS 2 (06026236) อยู่ในชั้นปีและภาคการศึกษาใด และมีหน่วยกิตเท่าไร? (หลักสูตร DSBA แผน no_coop),ปี 0 ภาคการศึกษาที่ 0 หน่วยกิต 3(3-0-6),18;68;330;353,
รายวิชา,วิชา SPECIAL WORKSHOP IN STATISTICAL ANALYTICS 1 (06026237) อยู่ในชั้นปีและภาคการศึกษาใด และมีหน่วยกิตเท่าไร? (หลักสูตร DSBA แผน no_coop),ปี 0 ภาคการศึกษาที่ 0 หน่วยกิต 3(2-2-5),18;331;353,
รายวิชา,วิชา SPECIAL WORKSHOP IN STATISTICAL ANALYTICS 2 (06026238) อยู่ในชั้นปีและภาคการศึกษาใด และมีหน่วยกิตเท่าไร? (หลักสูตร DSBA แผน no_coop),ปี 0 ภาคการศึกษาที่ 0 หน่วยกิต 3(2-2-5),18;69;331;353,
รายวิชา,วิชา DATA PIPELINE ARCHITECTURE (06026239) อยู่ในชั้นปีและภาคการศึกษาใด และมีหน่วยกิตเท่าไร? (หลักสูตร DSBA แผน no_coop),ปี 0 ภาคการศึกษาที่ 0 หน่วยกิต 3(3-0-6),18;331;353,
รายวิชา,วิชา INTELLIGENT SYSTEM DEVELOPMENT (06026240) อยู่ในชั้นปีและภาคการศึกษาใด และมีหน่วยกิตเท่าไร? (หลักสูตร DSBA แผน no_coop),ปี 0 ภาคการศึกษาที่ 0 หน่วยกิต 3(2-2-5),18;332;353,
รายวิชา,วิชา MACHINE LEARNING OPERATIONS (06026241) อยู่ในชั้นปีและภาคการศึกษาใด และมีหน่วยกิตเท่าไร? (หลักสูตร DSBA แผน no_coop),ปี 0 ภาคการศึกษาที่ 0 หน่วยกิต 3(3-0-6),18;69;332;353,
รายวิชา,วิชา CLOUD TECHNOLOGY INFRASTRUCTURE (06026242) อยู่ในชั้นปีและภาคการศึกษาใด และมีหน่วยกิตเท่าไร? (หลักสูตร DSBA แผน no_coop),ปี 0 ภาคการศึกษาที่ 0 หน่วยกิต 3(3-0-6),18;332;353,
รายวิชา,วิชา ADVANCED DATABASE SYSTEMS (06026243) อยู่ในชั้นปีและภาคการศึกษาใด และมีหน่วยกิตเท่าไร? (หลักสูตร DSBA แผน no_coop),ปี 0 ภาคการศึกษาที่ 0 หน่วยกิต 3(3-0-6),19;333;353,
รายวิชา,"วิชา DATABASE SYSTEM MAINTENANCE AND
ADMINISTRATION (06026244) อยู่ในชั้นปีและภาคการศึกษาใด และมีหน่วยกิตเท่าไร? (หลักสูตร DSBA แผน no_coop)",ปี 0 ภาคการศึกษาที่ 0 หน่วยกิต 3(2-2-5),19;333,
รายวิชา,วิชา DISTRIBUTED DATABASE SYSTEMS (06026245) อยู่ในชั้นปีและภาคการศึกษาใด และมีหน่วยกิตเท่าไร? (หลักสูตร DSBA แผน no_coop),ปี 0 ภาคการศึกษาที่ 0 หน่วยกิต 3(3-0-6),19;334;353,
รายวิชา,วิชา SPECIAL TOPICS IN DATA ENGINEERING 1 (06026246) อยู่ในชั้นปีและภาคการศึกษาใด และมีหน่วยกิตเท่าไร? (หลักสูตร DSBA แผน no_coop),ปี 0 ภาคการศึกษาที่ 0 หน่วยกิต 3(3-0-6),19;69;334;353,
รายวิชา,วิชา SPECIAL TOPICS IN DATA ENGINEERING 2 (06026247) อยู่ในชั้นปีและภาคการศึกษาใด และมีหน่วยกิตเท่าไร? (หลักสูตร DSBA แผน no_coop),ปี 0 ภาคการศึกษาที่ 0 หน่วยกิต 3(3-0-6),19;69;334;353,
รายวิชา,วิชา SPECIAL WORKSHOP IN DATA ENGINEERING 1 (06026248) อยู่ในชั้นปีและภาคการศึกษาใด และมีหน่วยกิตเท่าไร? (หลักสูตร DSBA แผน no_coop),ปี 0 ภาคการศึกษาที่ 0 หน่วยกิต 3(2-2-5),19;335;353,
รายวิชา,วิชา SPECIAL WORKSHOP IN DATA ENGINEERING 2 (06026249) อยู่ในชั้นปีและภาคการศึกษาใด และมีหน่วยกิตเท่าไร? (หลักสูตร DSBA แผน no_coop),ปี 0 ภาคการศึกษาที่ 0 หน่วยกิต 3(2-2-5),19;69;335;353,
รายวิชา,วิชา DATA SCIENCE FOR BUSINESS (06026250) อยู่ในชั้นปีและภาคการศึกษาใด และมีหน่วยกิตเท่าไร? (หลักสูตร DSBA แผน no_coop),ปี 0 ภาคการศึกษาที่ 0 หน่วยกิต 3(2-2-5),19;70;335;353,
รายวิชา,วิชา FINANCIAL ACCOUNTING (06026251) อยู่ในชั้นปีและภาคการศึกษาใด และมีหน่วยกิตเท่าไร? (หลักสูตร DSBA แผน no_coop),ปี 0 ภาคการศึกษาที่ 0 หน่วยกิต 3(3-0-6),19;336;353,
รายวิชา,วิชา FINANCIAL ANALYTICS (06026252) อยู่ในชั้นปีและภาคการศึกษาใด และมีหน่วยกิตเท่าไร? (หลักสูตร DSBA แผน no_coop),ปี 0 ภาคการศึกษาที่ 0 หน่วยกิต 3(2-2-5),19;70;336;354,
รายวิชา,วิชา MARKETING ANALYTICS (06026253) อยู่ในชั้นปีและภาคการศึกษาใด และมีหน่วยกิตเท่าไร? (หลักสูตร DSBA แผน no_coop),ปี 0 ภาคการศึกษาที่ 0 หน่วยกิต 3(2-2-5),19;70;336;354,
รายวิชา,วิชา INTRODUCTION TO HEALTH ANALYTICS (06026254) อยู่ในชั้นปีและภาคการศึกษาใด และมีหน่วยกิตเท่าไร? (หลักสูตร DSBA แผน no_coop),ปี 0 ภาคการศึกษาที่ 0 หน่วยกิต 3(2-2-5),19;337;354,
รายวิชา,วิชา CLINICAL DATA ACQUISITION AND MANAGEMENT (06026255) อยู่ในชั้นปีและภาคการศึกษาใด และมีหน่วยกิตเท่าไร? (หลักสูตร DSBA แผน no_coop),ปี 0 ภาคการศึกษาที่ 0 หน่วยกิต 3(2-2-5),19;337;354,
รายวิชา,วิชา OPERATIONS MANAGEMENT (06026256) อยู่ในชั้นปีและภาคการศึกษาใด และมีหน่วยกิตเท่าไร? (หลักสูตร DSBA แผน no_coop),ปี 0 ภาคการศึกษาที่ 0 หน่วยกิต 3(3-0-6),19;70;338;354,
รายวิชา,"วิชา BUSINESS STRATEGIC AND PERFORMANCE
MANAGEMENT (06026257) อยู่ในชั้นปีและภาคการศึกษาใด และมีหน่วยกิตเท่าไร? (หลักสูตร DSBA แผน no_coop)",ปี 0 ภาคการศึกษาที่ 0 หน่วยกิต 3(3-0-6),20;70;338;354,
รายวิชา,วิชา SOCIAL NETWORK ANALYSIS (06026258) อยู่ในชั้นปีและภาคการศึกษาใด และมีหน่วยกิตเท่าไร? (หลักสูตร DSBA แผน no_coop),ปี 0 ภาคการศึกษาที่ 0 หน่วยกิต 3(3-0-6),20;70;339;354,
รายวิชา,"วิชา COOPERATIVE EDUCATION IN DATA
SCIENCE AND BUSINESS ANALYTICS (06026259) อยู่ในชั้นปีและภาคการศึกษาใด และมีหน่วยกิตเท่าไร? (หลักสูตร DSBA แผน no_coop)",ปี 0 ภาคการศึกษาที่ 0 หน่วยกิต 6(0-35-0),20;34;70;339;354,
รายวิชา,"วิชา OVERSEA COOPERATIVE EDUCATION IN DATA
SCIENCE AND BUSINESS ANALYTICS (06026260) อยู่ในชั้นปีและภาคการศึกษาใด และมีหน่วยกิตเท่าไร? (หลักสูตร DSBA แผน no_coop)",ปี 0 ภาคการศึกษาที่ 0 หน่วยกิต 6(0-35-0),20;34;69;70;339;354,
รายวิชา,วิชา MATHEMATICS FOR INFORMATION TECHNOLOGY (06016401) อยู่ในชั้นปีและภาคการศึกษาใด และมีหน่วยกิตเท่าไร? (หลักสูตร IT แผน coop),ปี 1 ภาคการศึกษาที่ 1 หน่วยกิต 3(3-0-6),18;26;34;ocr328,
รายวิชา,วิชา INFORMATION TECHNOLOGY FUNDAMENTALS (06016402) อยู่ในชั้นปีและภาคการศึกษาใด และมีหน่วยกิตเท่าไร? (หลักสูตร IT แผน coop),ปี 1 ภาคการศึกษาที่ 1 หน่วยกิต 3(2-2-5),18;26;34;ocr328,
รายวิชา,วิชา INTRODUCTION TO COMPUTER SYSTEMS (06016411) อยู่ในชั้นปีและภาคการศึกษาใด และมีหน่วยกิตเท่าไร? (หลักสูตร IT แผน coop),ปี 1 ภาคการศึกษาที่ 1 หน่วยกิต 3(2-2-5),19;26;34;ocr333,
รายวิชา,วิชา PROBLEM SOLVING AND COMPUTER PROGRAMMING (06066303) อยู่ในชั้นปีและภาคการศึกษาใด และมีหน่วยกิตเท่าไร? (หลักสูตร IT แผน coop),ปี 1 ภาคการศึกษาที่ 1 หน่วยกิต 3(2-2-5),19;26;34;ocr371;ocr387,
รายวิชา,วิชา CHARM SCHOOL (90641001) อยู่ในชั้นปีและภาคการศึกษาใด และมีหน่วยกิตเท่าไร? (หลักสูตร IT แผน coop),ปี 1 ภาคการศึกษาที่ 1 หน่วยกิต 2(1-2-3),16;26;34;ocr138;ocr140;ocr166;ocr249;ocr277;ocr384,
รายวิชา,วิชา SPORTS AND RECREATIONAL ACTIVITIES (90641003) อยู่ในชั้นปีและภาคการศึกษาใด และมีหน่วยกิตเท่าไร? (หลักสูตร IT แผน coop),ปี 1 ภาคการศึกษาที่ 1 หน่วยกิต 1(0-3-2),17;26;34;ocr138;ocr140;ocr166;ocr249;ocr277;ocr384,
รายวิชา,วิชา FOUNDATION ENGLISH 1 (90644007) อยู่ในชั้นปีและภาคการศึกษาใด และมีหน่วยกิตเท่าไร? (หลักสูตร IT แผน coop),ปี 1 ภาคการศึกษาที่ 1 หน่วยกิต 3(3-0-6),17;26;34;ocr138;ocr151;ocr224;ocr384,
รายวิชา,วิชา OBJECT-ORIENTED PROGRAMMING (06016408) อยู่ในชั้นปีและภาคการศึกษาใด และมีหน่วยกิตเท่าไร? (หลักสูตร IT แผน coop),ปี 1 ภาคการศึกษาที่ 2 หน่วยกิต 3(2-2-5),19;28;35;ocr331;ocr336,
รายวิชา,วิชา PROBABILITY AND STATISTICS (06066001) อยู่ในชั้นปีและภาคการศึกษาใด และมีหน่วยกิตเท่าไร? (หลักสูตร IT แผน coop),ปี 1 ภาคการศึกษาที่ 2 หน่วยกิต 3(3-0-6),18;28;35;ocr368;ocr386,
รายวิชา,วิชา BUSINESS FUNDAMENTALS FOR INFORMATION TECHNOLOGY (06066101) อยู่ในชั้นปีและภาคการศึกษาใด และมีหน่วยกิตเท่าไร? (หลักสูตร IT แผน coop),ปี 1 ภาคการศึกษาที่ 2 หน่วยกิต 3(3-0-6),18;28;35;ocr355;ocr368;ocr369;ocr386,
รายวิชา,วิชา DATA STRUCTURES AND ALGORITHMS (06066301) อยู่ในชั้นปีและภาคการศึกษาใด และมีหน่วยกิตเท่าไร? (หลักสูตร IT แผน coop),ปี 1 ภาคการศึกษาที่ 2 หน่วยกิต 3(2-2-5),19;28;35;ocr370;ocr386,
รายวิชา,วิชา DIGITAL INTELLIGENCE QUOTIENT (90641002) อยู่ในชั้นปีและภาคการศึกษาใด และมีหน่วยกิตเท่าไร? (หลักสูตร IT แผน coop),ปี 1 ภาคการศึกษาที่ 2 หน่วยกิต 3(3-0-6),16;28;35;ocr138;ocr140;ocr166;ocr249;ocr277;ocr384,
รายวิชา,วิชา FOUNDATION ENGLISH 2 (90644008) อยู่ในชั้นปีและภาคการศึกษาใด และมีหน่วยกิตเท่าไร? (หลักสูตร IT แผน coop),ปี 1 ภาคการศึกษาที่ 2 หน่วยกิต 3(3-0-6),17;28;35;ocr138;ocr151;ocr224;ocr384,
รายวิชา,วิชา MULTIMEDIA TECHNOLOGY (06016403) อยู่ในชั้นปีและภาคการศึกษาใด และมีหน่วยกิตเท่าไร? (หลักสูตร IT แผน coop),ปี 2 ภาคการศึกษาที่ 1 หน่วยกิต 3(2-2-5),18;29;36;ocr329,
รายวิชา,วิชา PHYSICAL COMPUTING (06016409) อยู่ในชั้นปีและภาคการศึกษาใด และมีหน่วยกิตเท่าไร? (หลักสูตร IT แผน coop),ปี 2 ภาคการศึกษาที่ 1 หน่วยกิต 3(2-2-5),19;29;36;ocr332,
รายวิชา,วิชา INTRODUCTION TO NETWORK SYSTEMS (06016413) อยู่ในชั้นปีและภาคการศึกษาใด และมีหน่วยกิตเท่าไร? (หลักสูตร IT แผน coop),ปี 2 ภาคการศึกษาที่ 1 หน่วยกิต 3(3-0-6),19;29;36;ocr333;ocr337;ocr338;ocr339;ocr340,
รายวิชา,วิชา DISCRETE MATHEMATICS (06066000) อยู่ในชั้นปีและภาคการศึกษาใด และมีหน่วยกิตเท่าไร? (หลักสูตร IT แผน coop),ปี 2 ภาคการศึกษาที่ 1 หน่วยกิต 3(3-0-6),18;29;36;ocr367;ocr386,
รายวิชา,วิชา DATABASE SYSTEM CONCEPTS (06066300) อยู่ในชั้นปีและภาคการศึกษาใด และมีหน่วยกิตเท่าไร? (หลักสูตร IT แผน coop),ปี 2 ภาคการศึกษาที่ 1 หน่วยกิต 3(2-2-5),19;29;36;ocr356;ocr369;ocr386,
รายวิชา,วิชา INFORMATION SYSTEM ANALYSIS AND DESIGN (06066304) อยู่ในชั้นปีและภาคการศึกษาใด และมีหน่วยกิตเท่าไร? (หลักสูตร IT แผน coop),ปี 2 ภาคการศึกษาที่ 1 หน่วยกิต 3(3-0-6),19;29;36;ocr344;ocr371;ocr387,
รายวิชา,วิชา CYBERSECURITY FUNDAMENTALS (06016405) อยู่ในชั้นปีและภาคการศึกษาใด และมีหน่วยกิตเท่าไร? (หลักสูตร IT แผน coop),ปี 2 ภาคการศึกษาที่ 2 หน่วยกิต 3(3-0-6),18;30;37;ocr330,
รายวิชา,วิชา SOFTWARE ENGINEERING (06016410) อยู่ในชั้นปีและภาคการศึกษาใด และมีหน่วยกิตเท่าไร? (หลักสูตร IT แผน coop),ปี 2 ภาคการศึกษาที่ 2 หน่วยกิต 3(3-0-6),19;30;37;ocr332,
รายวิชา,วิชา COMPUTER ORGANIZATION AND OPERATING SYSTEM (06016412) อยู่ในชั้นปีและภาคการศึกษาใด และมีหน่วยกิตเท่าไร? (หลักสูตร IT แผน coop),ปี 2 ภาคการศึกษาที่ 2 หน่วยกิต 3(2-2-5),19;30;37;ocr333;ocr88,
รายวิชา,วิชา FUNDAMENTAL WEB PROGRAMMING (06066302) อยู่ในชั้นปีและภาคการศึกษาใด และมีหน่วยกิตเท่าไร? (หลักสูตร IT แผน coop),ปี 2 ภาคการศึกษาที่ 2 หน่วยกิต 3(2-2-5),19;30;37;ocr343;ocr350;ocr370;ocr386,
รายวิชา,วิชา NOSQL DATABASE SYSTEMS (06016414) อยู่ในชั้นปีและภาคการศึกษาใด และมีหน่วยกิตเท่าไร? (หลักสูตร IT แผน coop),ปี 2 ภาคการศึกษาที่ 2 หน่วยกิต 3(2-2-5),20;30;37;ocr334,
รายวิชา,วิชา FUNCTIONAL PROGRAMMING (06016415) อยู่ในชั้นปีและภาคการศึกษาใด และมีหน่วยกิตเท่าไร? (หลักสูตร IT แผน coop),ปี 2 ภาคการศึกษาที่ 2 หน่วยกิต 3(2-2-5),20;30;37;ocr335,
รายวิชา,วิชา COMMUNICATION NETWORK INFRASTRUCTURE (06016419) อยู่ในชั้นปีและภาคการศึกษาใด และมีหน่วยกิตเท่าไร? (หลักสูตร IT แผน coop),ปี 2 ภาคการศึกษาที่ 2 หน่วยกิต 3(2-2-5),20;30;37;ocr337,
รายวิชา,วิชา INFRASTRUCTURE SYSTEMS AND SERVICES (06016420) อยู่ในชั้นปีและภาคการศึกษาใด และมีหน่วยกิตเท่าไร? (หลักสูตร IT แผน coop),ปี 2 ภาคการศึกษาที่ 2 หน่วยกิต 3(2-2-5),20;30;37;ocr338,
รายวิชา,วิชา HUMAN INTERFACE DESIGN (06016424) อยู่ในชั้นปีและภาคการศึกษาใด และมีหน่วยกิตเท่าไร? (หลักสูตร IT แผน coop),ปี 2 ภาคการศึกษาที่ 2 หน่วยกิต 3(3-0-6),21;30;37;ocr340,
รายวิชา,วิชา VISUAL DESIGN FUNDAMENTALS FOR INTERACTIVE MEDIA (06016425) อยู่ในชั้นปีและภาคการศึกษาใด และมีหน่วยกิตเท่าไร? (หลักสูตร IT แผน coop),ปี 2 ภาคการศึกษาที่ 2 หน่วยกิต 3(3-0-6),21;30;37;ocr341,
รายวิชา,วิชา CLOUD COMPUTING (06016404) อยู่ในชั้นปีและภาคการศึกษาใด และมีหน่วยกิตเท่าไร? (หลักสูตร IT แผน coop),ปี 3 ภาคการศึกษาที่ 1 หน่วยกิต 3(2-2-5),18;28;31;ocr329;ocr343,
รายวิชา,วิชา MANAGEMENT INFORMATION SYSTEMS (06066102) อยู่ในชั้นปีและภาคการศึกษาใด และมีหน่วยกิตเท่าไร? (หลักสูตร IT แผน coop),ปี 3 ภาคการศึกษาที่ 1 หน่วยกิต 3(3-0-6),18;28;31;ocr369;ocr386,
รายวิชา,วิชา REQUIREMENT ENGINEERING (06016416) อยู่ในชั้นปีและภาคการศึกษาใด และมีหน่วยกิตเท่าไร? (หลักสูตร IT แผน coop),ปี 3 ภาคการศึกษาที่ 1 หน่วยกิต 3(3-0-6),20;28;31;ocr335,
รายวิชา,วิชา SOFTWARE DEVELOPMENT TOOLS AND ENVIRONMENTS (06016417) อยู่ในชั้นปีและภาคการศึกษาใด และมีหน่วยกิตเท่าไร? (หลักสูตร IT แผน coop),ปี 3 ภาคการศึกษาที่ 1 หน่วยกิต 3(2-2-5),20;28;31;ocr335;ocr88,
รายวิชา,วิชา SERVER-SIDE WEB DEVELOPMENT (06016418) อยู่ในชั้นปีและภาคการศึกษาใด และมีหน่วยกิตเท่าไร? (หลักสูตร IT แผน coop),ปี 3 ภาคการศึกษาที่ 1 หน่วยกิต 3(2-2-5),20;21;28;31;ocr336;ocr88,
รายวิชา,วิชา INFORMATION TECHNOLOGY INFRASTRUCTURE SECURITY (06016421) อยู่ในชั้นปีและภาคการศึกษาใด และมีหน่วยกิตเท่าไร? (หลักสูตร IT แผน coop),ปี 3 ภาคการศึกษาที่ 1 หน่วยกิต 3(3-0-6),20;28;31;ocr338,
รายวิชา,วิชา INTERNET OF THINGS (06016422) อยู่ในชั้นปีและภาคการศึกษาใด และมีหน่วยกิตเท่าไร? (หลักสูตร IT แผน coop),ปี 3 ภาคการศึกษาที่ 1 หน่วยกิต 3(2-2-5),20;28;31;ocr339,
รายวิชา,วิชา INFRASTRUCTURE PROGRAMMABILITY AND AUTOMATION (06016423) อยู่ในชั้นปีและภาคการศึกษาใด และมีหน่วยกิตเท่าไร? (หลักสูตร IT แผน coop),ปี 3 ภาคการศึกษาที่ 1 หน่วยกิต 3(2-2-5),20;28;31;ocr340,
รายวิชา,วิชา COMPUTER GRAPHICS AND ANIMATION (06016426) อยู่ในชั้นปีและภาคการศึกษาใด และมีหน่วยกิตเท่าไร? (หลักสูตร IT แผน coop),ปี 3 ภาคการศึกษาที่ 1 หน่วยกิต 3(2-2-5),21;28;31;ocr341,
รายวิชา,วิชา INTRODUCTION TO GAME DESIGN AND DEVELOPMENT (06016427) อยู่ในชั้นปีและภาคการศึกษาใด และมีหน่วยกิตเท่าไร? (หลักสูตร IT แผน coop),ปี 3 ภาคการศึกษาที่ 1 หน่วยกิต 3(2-2-5),21;28;31;ocr342,
รายวิชา,วิชา SERVER-SIDE WEB DEVELOPMENT (06016418) อยู่ในชั้นปีและภาคการศึกษาใด และมีหน่วยกิตเท่าไร? (หลักสูตร IT แผน coop),ปี 3 ภาคการศึกษาที่ 1 หน่วยกิต 3(2-2-5),20;21;28;31;ocr336;ocr88,
รายวิชา,วิชา PROJECT 1 (06016406) อยู่ในชั้นปีและภาคการศึกษาใด และมีหน่วยกิตเท่าไร? (หลักสูตร IT แผน coop),ปี 4 ภาคการศึกษาที่ 1 หน่วยกิต 3(0-9-0),18;33;39;ocr330;ocr331;ocr87,
รายวิชา,วิชา ELECTIVE COURSE IN INFORMATION TECHNOLOGY 1 (060164xx) อยู่ในชั้นปีและภาคการศึกษาใด และมีหน่วยกิตเท่าไร? (หลักสูตร IT แผน coop),ปี 4 ภาคการศึกษาที่ 1 หน่วยกิต 3(3-0-6) หรือ 3(2-2-5) หรือ 3(0-6-3),32;33;39,
รายวิชา,วิชา MODERN ENTREPRENEURS (90643021) อยู่ในชั้นปีและภาคการศึกษาใด และมีหน่วยกิตเท่าไร? (หลักสูตร IT แผน coop),ปี 4 ภาคการศึกษาที่ 1 หน่วยกิต 3(3-0-6),17;33;39;ocr149;ocr216;ocr270;ocr272;ocr273;ocr384,
รายวิชา,วิชา PROJECT 2 (06016407) อยู่ในชั้นปีและภาคการศึกษาใด และมีหน่วยกิตเท่าไร? (หลักสูตร IT แผน coop),ปี 4 ภาคการศึกษาที่ 2 หน่วยกิต 3(0-9-0),19;33;40;ocr331,
รายวิชา,วิชา INFORMATION TECHNOLOGY PROJECT MANAGEMENT (06066100) อยู่ในชั้นปีและภาคการศึกษาใด และมีหน่วยกิตเท่าไร? (หลักสูตร IT แผน coop),ปี 4 ภาคการศึกษาที่ 2 หน่วยกิต 3(3-0-6),18;32;40;ocr368;ocr386,
รายวิชา,วิชา LAW FOR NEW GENERATION (90642033) อยู่ในชั้นปีและภาคการศึกษาใด และมีหน่วยกิตเท่าไร? (หลักสูตร IT แผน coop),ปี 4 ภาคการศึกษาที่ 2 หน่วยกิต 3(3-0-6),17;32;40;ocr141;ocr176;ocr273;ocr384,
รายวิชา,วิชา PROFESSIONAL COMMUNICATION AND PRESENTATION (90644042) อยู่ในชั้นปีและภาคการศึกษาใด และมีหน่วยกิตเท่าไร? (หลักสูตร IT แผน coop),ปี 4 ภาคการศึกษาที่ 2 หน่วยกิต 3(3-0-6),17;32;40;ocr152;ocr233;ocr273;ocr274;ocr384,
รายวิชา,วิชา MICROSERVICE DESIGN AND DEVELOPMENT (06016428) อยู่ในชั้นปีและภาคการศึกษาใด และมีหน่วยกิตเท่าไร? (หลักสูตร IT แผน coop),ปี 0 ภาคการศึกษาที่ 0 หน่วยกิต 3(2-2-5),21;25;ocr342;ocr390,
รายวิชา,วิชา CLIENT-SIDE WEB DEVELOPMENT (06016429) อยู่ในชั้นปีและภาคการศึกษาใด และมีหน่วยกิตเท่าไร? (หลักสูตร IT แผน coop),ปี 0 ภาคการศึกษาที่ 0 หน่วยกิต 3(2-2-5),21;25;ocr343;ocr390,
รายวิชา,วิชา CLOUD APPLICATION DEVELOPMENT (06016430) อยู่ในชั้นปีและภาคการศึกษาใด และมีหน่วยกิตเท่าไร? (หลักสูตร IT แผน coop),ปี 0 ภาคการศึกษาที่ 0 หน่วยกิต 3(2-2-5),21;25;ocr343;ocr390,
รายวิชา,วิชา MOBILE DEVICE PROGRAMMING (06016431) อยู่ในชั้นปีและภาคการศึกษาใด และมีหน่วยกิตเท่าไร? (หลักสูตร IT แผน coop),ปี 0 ภาคการศึกษาที่ 0 หน่วยกิต 3(2-2-5),21;ocr344;ocr390,
รายวิชา,วิชา SOFTWARE VERIFICATION AND VALIDATION (06016432) อยู่ในชั้นปีและภาคการศึกษาใด และมีหน่วยกิตเท่าไร? (หลักสูตร IT แผน coop),ปี 0 ภาคการศึกษาที่ 0 หน่วยกิต 3(3-0-6),21;ocr344;ocr390,
รายวิชา,วิชา AUTOMATION TESTING IN AGILE (06016433) อยู่ในชั้นปีและภาคการศึกษาใด และมีหน่วยกิตเท่าไร? (หลักสูตร IT แผน coop),ปี 0 ภาคการศึกษาที่ 0 หน่วยกิต 3(2-2-5),21;ocr344;ocr390,
รายวิชา,วิชา WEB ACCEPTANCE TESTING (06016434) อยู่ในชั้นปีและภาคการศึกษาใด และมีหน่วยกิตเท่าไร? (หลักสูตร IT แผน coop),ปี 0 ภาคการศึกษาที่ 0 หน่วยกิต 3(2-2-5),21;ocr345;ocr390,
รายวิชา,วิชา ELEMENTS OF DATA SCIENCE (06016435) อยู่ในชั้นปีและภาคการศึกษาใด และมีหน่วยกิตเท่าไร? (หลักสูตร IT แผน coop),ปี 0 ภาคการศึกษาที่ 0 หน่วยกิต 3(2-2-5),21;ocr345;ocr390,
รายวิชา,วิชา DATA VISUALIZATION (06016436) อยู่ในชั้นปีและภาคการศึกษาใด และมีหน่วยกิตเท่าไร? (หลักสูตร IT แผน coop),ปี 0 ภาคการศึกษาที่ 0 หน่วยกิต 3(2-2-5),22;ocr346;ocr390,
รายวิชา,วิชา RELIABLE AND SCALABLE INFRASTRUCTURE (06016437) อยู่ในชั้นปีและภาคการศึกษาใด และมีหน่วยกิตเท่าไร? (หลักสูตร IT แผน coop),ปี 0 ภาคการศึกษาที่ 0 หน่วยกิต 3(3-0-6),22;ocr346;ocr390,
รายวิชา,วิชา CLOUD SECURITY (06016438) อยู่ในชั้นปีและภาคการศึกษาใด และมีหน่วยกิตเท่าไร? (หลักสูตร IT แผน coop),ปี 0 ภาคการศึกษาที่ 0 หน่วยกิต 3(3-0-6),22;ocr347;ocr390,
รายวิชา,วิชา WIRELESS NETWORK TECHNOLOGY (06016439) อยู่ในชั้นปีและภาคการศึกษาใด และมีหน่วยกิตเท่าไร? (หลักสูตร IT แผน coop),ปี 0 ภาคการศึกษาที่ 0 หน่วยกิต 3(3-0-6),22;25;ocr347;ocr390,
รายวิชา,วิชา INFORMATION NETWORK DESIGN (06016440) อยู่ในชั้นปีและภาคการศึกษาใด และมีหน่วยกิตเท่าไร? (หลักสูตร IT แผน coop),ปี 0 ภาคการศึกษาที่ 0 หน่วยกิต 3(3-0-6),22;25;ocr348;ocr390,
รายวิชา,วิชา NETWORK AND SYSTEM PERFORMANCE (06016441) อยู่ในชั้นปีและภาคการศึกษาใด และมีหน่วยกิตเท่าไร? (หลักสูตร IT แผน coop),ปี 0 ภาคการศึกษาที่ 0 หน่วยกิต 3(3-0-6),22;25;ocr348;ocr390,
รายวิชา,วิชา INTERNET OF THINGS HARDWARE DESIGN (06016442) อยู่ในชั้นปีและภาคการศึกษาใด และมีหน่วยกิตเท่าไร? (หลักสูตร IT แผน coop),ปี 0 ภาคการศึกษาที่ 0 หน่วยกิต 3(2-2-5),22;ocr349;ocr390,
รายวิชา,วิชา INTERNET OF THINGS DATA ANALYTICS AND APPLICATIONS (06016443) อยู่ในชั้นปีและภาคการศึกษาใด และมีหน่วยกิตเท่าไร? (หลักสูตร IT แผน coop),ปี 0 ภาคการศึกษาที่ 0 หน่วยกิต 3(2-2-5),22;ocr349;ocr390,
รายวิชา,วิชา WEB DESIGN (06016444) อยู่ในชั้นปีและภาคการศึกษาใด และมีหน่วยกิตเท่าไร? (หลักสูตร IT แผน coop),ปี 0 ภาคการศึกษาที่ 0 หน่วยกิต 3(2-2-5),22;ocr350;ocr390,
รายวิชา,วิชา ADVANCED SCRIPTING FOR DESIGN (06016445) อยู่ในชั้นปีและภาคการศึกษาใด และมีหน่วยกิตเท่าไร? (หลักสูตร IT แผน coop),ปี 0 ภาคการศึกษาที่ 0 หน่วยกิต 3(2-2-5),22;ocr350;ocr390,
รายวิชา,วิชา GAME DESIGN (06016446) อยู่ในชั้นปีและภาคการศึกษาใด และมีหน่วยกิตเท่าไร? (หลักสูตร IT แผน coop),ปี 0 ภาคการศึกษาที่ 0 หน่วยกิต 3(3-0-6),22;25;ocr351;ocr390,
รายวิชา,วิชา FUNDAMENTAL GAME DEVELOPMENT WITH GAME ENGINE (06016447) อยู่ในชั้นปีและภาคการศึกษาใด และมีหน่วยกิตเท่าไร? (หลักสูตร IT แผน coop),ปี 0 ภาคการศึกษาที่ 0 หน่วยกิต 3(2-2-5),22;25;ocr351;ocr352;ocr390,
รายวิชา,วิชา ADVANCED GAME DEVELOPMENT WITH GAME ENGINE (06016448) อยู่ในชั้นปีและภาคการศึกษาใด และมีหน่วยกิตเท่าไร? (หลักสูตร IT แผน coop),ปี 0 ภาคการศึกษาที่ 0 หน่วยกิต 3(2-2-5),22;25;ocr351;ocr390,
รายวิชา,วิชา GAMIFICATION (06016449) อยู่ในชั้นปีและภาคการศึกษาใด และมีหน่วยกิตเท่าไร? (หลักสูตร IT แผน coop),ปี 0 ภาคการศึกษาที่ 0 หน่วยกิต 3(3-0-6),22;ocr352;ocr390;ocr90,
รายวิชา,วิชา GAME DEVELOPMENT WITH REALITY TECHNOLOGY (06016450) อยู่ในชั้นปีและภาคการศึกษาใด และมีหน่วยกิตเท่าไร? (หลักสูตร IT แผน coop),ปี 0 ภาคการศึกษาที่ 0 หน่วยกิต 3(2-2-5),22;ocr352;ocr390,
รายวิชา,วิชา ENTERPRISE RESOURCE PLANNING (06016451) อยู่ในชั้นปีและภาคการศึกษาใด และมีหน่วยกิตเท่าไร? (หลักสูตร IT แผน coop),ปี 0 ภาคการศึกษาที่ 0 หน่วยกิต 3(3-0-6),22;ocr353;ocr391,
รายวิชา,วิชา SUPPLY CHAIN MANAGEMENT AND LOGISTICS (06016452) อยู่ในชั้นปีและภาคการศึกษาใด และมีหน่วยกิตเท่าไร? (หลักสูตร IT แผน coop),ปี 0 ภาคการศึกษาที่ 0 หน่วยกิต 3(3-0-6),23;ocr353;ocr391,
รายวิชา,วิชา CUSTOMER RELATIONSHIP MANAGEMENT (06016453) อยู่ในชั้นปีและภาคการศึกษาใด และมีหน่วยกิตเท่าไร? (หลักสูตร IT แผน coop),ปี 0 ภาคการศึกษาที่ 0 หน่วยกิต 3(3-0-6),23;ocr354;ocr391,
รายวิชา,"วิชา UX TOOLS AND SOFTWARE DEVELOPMENT FOR DIGITAL
BUSINESS (06016454) อยู่ในชั้นปีและภาคการศึกษาใด และมีหน่วยกิตเท่าไร? (หลักสูตร IT แผน coop)",ปี 0 ภาคการศึกษาที่ 0 หน่วยกิต 3(3-0-6),23;ocr354;ocr391,
รายวิชา,วิชา CUSTOMER BEHAVIOR ANALYSIS (06016455) อยู่ในชั้นปีและภาคการศึกษาใด และมีหน่วยกิตเท่าไร? (หลักสูตร IT แผน coop),ปี 0 ภาคการศึกษาที่ 0 หน่วยกิต 3(3-0-6),23;ocr355;ocr391,
รายวิชา,วิชา BUSINESS MODEL (06016456) อยู่ในชั้นปีและภาคการศึกษาใด และมีหน่วยกิตเท่าไร? (หลักสูตร IT แผน coop),ปี 0 ภาคการศึกษาที่ 0 หน่วยกิต 3(3-0-6),23;ocr355;ocr391,
รายวิชา,วิชา ADVANCED DATABASE SYSTEMS (06016457) อยู่ในชั้นปีและภาคการศึกษาใด และมีหน่วยกิตเท่าไร? (หลักสูตร IT แผน coop),ปี 0 ภาคการศึกษาที่ 0 หน่วยกิต 3(3-0-6),23;ocr356;ocr391,
รายวิชา,วิชา DATABASE SYSTEM MAINTENANCE AND ADMINISTRATION (06016458) อยู่ในชั้นปีและภาคการศึกษาใด และมีหน่วยกิตเท่าไร? (หลักสูตร IT แผน coop),ปี 0 ภาคการศึกษาที่ 0 หน่วยกิต 3(2-2-5),23;ocr356;ocr391,
รายวิชา,วิชา SOFTWARE STANDARD AND QUALITY ASSURANCE (06016459) อยู่ในชั้นปีและภาคการศึกษาใด และมีหน่วยกิตเท่าไร? (หลักสูตร IT แผน coop),ปี 0 ภาคการศึกษาที่ 0 หน่วยกิต 3(3-0-6),23;ocr357;ocr391,
รายวิชา,วิชา ARTIFICIAL INTELLIGENCE (06016460) อยู่ในชั้นปีและภาคการศึกษาใด และมีหน่วยกิตเท่าไร? (หลักสูตร IT แผน coop),ปี 0 ภาคการศึกษาที่ 0 หน่วยกิต 3(3-0-6),23;ocr357;ocr391,
รายวิชา,วิชา INTRODUCTION TO NATURAL LANGUAGE PROCESSING (06016461) อยู่ในชั้นปีและภาคการศึกษาใด และมีหน่วยกิตเท่าไร? (หลักสูตร IT แผน coop),ปี 0 ภาคการศึกษาที่ 0 หน่วยกิต 3(3-0-6),23;ocr358;ocr391,
รายวิชา,วิชา MOBILE COMMUNICATION TECHNOLOGY (06016462) อยู่ในชั้นปีและภาคการศึกษาใด และมีหน่วยกิตเท่าไร? (หลักสูตร IT แผน coop),ปี 0 ภาคการศึกษาที่ 0 หน่วยกิต 3(3-0-6),23;ocr358;ocr391,
รายวิชา,วิชา HYBRID COMPUTING TECHNOLOGY (06016463) อยู่ในชั้นปีและภาคการศึกษาใด และมีหน่วยกิตเท่าไร? (หลักสูตร IT แผน coop),ปี 0 ภาคการศึกษาที่ 0 หน่วยกิต 3(3-0-6),23;ocr359;ocr391,
รายวิชา,วิชา PRACTICAL CYBER SECURITY (06016464) อยู่ในชั้นปีและภาคการศึกษาใด และมีหน่วยกิตเท่าไร? (หลักสูตร IT แผน coop),ปี 0 ภาคการศึกษาที่ 0 หน่วยกิต 3(2-2-5),23;ocr359;ocr391,
รายวิชา,วิชา DATA CENTER DESIGN (06016465) อยู่ในชั้นปีและภาคการศึกษาใด และมีหน่วยกิตเท่าไร? (หลักสูตร IT แผน coop),ปี 0 ภาคการศึกษาที่ 0 หน่วยกิต 3(3-0-6),23;ocr360;ocr391,
รายวิชา,วิชา NETWORK AND SYSTEM TROUBLE SHOOTING (06016466) อยู่ในชั้นปีและภาคการศึกษาใด และมีหน่วยกิตเท่าไร? (หลักสูตร IT แผน coop),ปี 0 ภาคการศึกษาที่ 0 หน่วยกิต 3(0-6-3),23;ocr360;ocr391,
รายวิชา,วิชา IMAGE TRANSFORMATION AND RECOGNITION (06016467) อยู่ในชั้นปีและภาคการศึกษาใด และมีหน่วยกิตเท่าไร? (หลักสูตร IT แผน coop),ปี 0 ภาคการศึกษาที่ 0 หน่วยกิต 3(3-0-6),23;ocr361;ocr391,
รายวิชา,วิชา DEEP LEARNING IN MEDICAL IMAGE AND VIDEO ANALYSIS (06016468) อยู่ในชั้นปีและภาคการศึกษาใด และมีหน่วยกิตเท่าไร? (หลักสูตร IT แผน coop),ปี 0 ภาคการศึกษาที่ 0 หน่วยกิต 3(3-0-6),24;ocr361;ocr391,
รายวิชา,วิชา INTRODUCTION TO HEALTHCARE DATA ANALYTICS (06016469) อยู่ในชั้นปีและภาคการศึกษาใด และมีหน่วยกิตเท่าไร? (หลักสูตร IT แผน coop),ปี 0 ภาคการศึกษาที่ 0 หน่วยกิต 3(3-0-6),24;ocr362;ocr391;ocr91,
รายวิชา,วิชา CLINICAL DATA ACQUISITION AND MANAGEMENT (06016470) อยู่ในชั้นปีและภาคการศึกษาใด และมีหน่วยกิตเท่าไร? (หลักสูตร IT แผน coop),ปี 0 ภาคการศึกษาที่ 0 หน่วยกิต 3(2-2-5),24;ocr362;ocr391,
รายวิชา,วิชา BIG DATA ANALYSIS (06016471) อยู่ในชั้นปีและภาคการศึกษาใด และมีหน่วยกิตเท่าไร? (หลักสูตร IT แผน coop),ปี 0 ภาคการศึกษาที่ 0 หน่วยกิต 3(2-2-5),24;ocr363;ocr391,
รายวิชา,วิชา ROBOTIC PROCESS AUTOMATION (06016472) อยู่ในชั้นปีและภาคการศึกษาใด และมีหน่วยกิตเท่าไร? (หลักสูตร IT แผน coop),ปี 0 ภาคการศึกษาที่ 0 หน่วยกิต 3(3-0-6),24;ocr363;ocr391,
รายวิชา,วิชา SPECIAL TOPICS IN INFORMATION TECHNOLOGY 1 (06016473) อยู่ในชั้นปีและภาคการศึกษาใด และมีหน่วยกิตเท่าไร? (หลักสูตร IT แผน coop),ปี 0 ภาคการศึกษาที่ 0 หน่วยกิต 3(3-0-6),24;ocr364;ocr391,
รายวิชา,วิชา SPECIAL TOPICS IN INFORMATION TECHNOLOGY 2 (06016474) อยู่ในชั้นปีและภาคการศึกษาใด และมีหน่วยกิตเท่าไร? (หลักสูตร IT แผน coop),ปี 0 ภาคการศึกษาที่ 0 หน่วยกิต 3(3-0-6),24;ocr364;ocr391,
รายวิชา,วิชา SPECIAL TOPICS IN INFORMATION TECHNOLOGY 3 (06016475) อยู่ในชั้นปีและภาคการศึกษาใด และมีหน่วยกิตเท่าไร? (หลักสูตร IT แผน coop),ปี 0 ภาคการศึกษาที่ 0 หน่วยกิต 3(3-0-6),24;ocr364;ocr391,
รายวิชา,วิชา SPECIAL TOPICS IN INFORMATION TECHNOLOGY 4 (06016476) อยู่ในชั้นปีและภาคการศึกษาใด และมีหน่วยกิตเท่าไร? (หลักสูตร IT แผน coop),ปี 0 ภาคการศึกษาที่ 0 หน่วยกิต 3(3-0-6),24;ocr365;ocr391,
รายวิชา,วิชา SPECIAL WORKSHOP IN INFORMATION TECHNOLOGY 1 (06016477) อยู่ในชั้นปีและภาคการศึกษาใด และมีหน่วยกิตเท่าไร? (หลักสูตร IT แผน coop),ปี 0 ภาคการศึกษาที่ 0 หน่วยกิต 3(2-2-5),24;ocr365;ocr391,
รายวิชา,วิชา SPECIAL WORKSHOP IN INFORMATION TECHNOLOGY 2 (06016478) อยู่ในชั้นปีและภาคการศึกษาใด และมีหน่วยกิตเท่าไร? (หลักสูตร IT แผน coop),ปี 0 ภาคการศึกษาที่ 0 หน่วยกิต 3(2-2-5),24;ocr365;ocr392,
รายวิชา,วิชา SPECIAL WORKSHOP IN INFORMATION TECHNOLOGY 3 (06016479) อยู่ในชั้นปีและภาคการศึกษาใด และมีหน่วยกิตเท่าไร? (หลักสูตร IT แผน coop),ปี 0 ภาคการศึกษาที่ 0 หน่วยกิต 3(2-2-5),24;ocr366;ocr392,
รายวิชา,วิชา SPECIAL WORKSHOP IN INFORMATION TECHNOLOGY 4 (06016480) อยู่ในชั้นปีและภาคการศึกษาใด และมีหน่วยกิตเท่าไร? (หลักสูตร IT แผน coop),ปี 0 ภาคการศึกษาที่ 0 หน่วยกิต 3(2-2-5),24;ocr366;ocr392,
รายวิชา,วิชา MATHEMATICS FOR INFORMATION TECHNOLOGY (06016401) อยู่ในชั้นปีและภาคการศึกษาใด และมีหน่วยกิตเท่าไร? (หลักสูตร IT แผน no_coop),ปี 1 ภาคการศึกษาที่ 1 หน่วยกิต 3(3-0-6),18;26;34;ocr328,
รายวิชา,วิชา INFORMATION TECHNOLOGY FUNDAMENTALS (06016402) อยู่ในชั้นปีและภาคการศึกษาใด และมีหน่วยกิตเท่าไร? (หลักสูตร IT แผน no_coop),ปี 1 ภาคการศึกษาที่ 1 หน่วยกิต 3(2-2-5),18;26;34;ocr328,
รายวิชา,วิชา INTRODUCTION TO COMPUTER SYSTEMS (06016411) อยู่ในชั้นปีและภาคการศึกษาใด และมีหน่วยกิตเท่าไร? (หลักสูตร IT แผน no_coop),ปี 1 ภาคการศึกษาที่ 1 หน่วยกิต 3(2-2-5),19;26;34;ocr333,
รายวิชา,วิชา PROBLEM SOLVING AND COMPUTER PROGRAMMING (06066303) อยู่ในชั้นปีและภาคการศึกษาใด และมีหน่วยกิตเท่าไร? (หลักสูตร IT แผน no_coop),ปี 1 ภาคการศึกษาที่ 1 หน่วยกิต 3(2-2-5),19;26;34;ocr371;ocr387,
รายวิชา,วิชา CHARM SCHOOL (90641001) อยู่ในชั้นปีและภาคการศึกษาใด และมีหน่วยกิตเท่าไร? (หลักสูตร IT แผน no_coop),ปี 1 ภาคการศึกษาที่ 1 หน่วยกิต 2(1-2-3),16;26;34;ocr138;ocr140;ocr166;ocr249;ocr277;ocr384,
รายวิชา,วิชา SPORTS AND RECREATIONAL ACTIVITIES (90641003) อยู่ในชั้นปีและภาคการศึกษาใด และมีหน่วยกิตเท่าไร? (หลักสูตร IT แผน no_coop),ปี 1 ภาคการศึกษาที่ 1 หน่วยกิต 1(0-3-2),17;26;34;ocr138;ocr140;ocr166;ocr249;ocr277;ocr384,
รายวิชา,วิชา FOUNDATION ENGLISH 1 (90644007) อยู่ในชั้นปีและภาคการศึกษาใด และมีหน่วยกิตเท่าไร? (หลักสูตร IT แผน no_coop),ปี 1 ภาคการศึกษาที่ 1 หน่วยกิต 3(3-0-6),17;26;34;ocr138;ocr151;ocr224;ocr384,
รายวิชา,วิชา OBJECT-ORIENTED PROGRAMMING (06016408) อยู่ในชั้นปีและภาคการศึกษาใด และมีหน่วยกิตเท่าไร? (หลักสูตร IT แผน no_coop),ปี 1 ภาคการศึกษาที่ 2 หน่วยกิต 3(2-2-5),19;28;35;ocr331;ocr336,
รายวิชา,วิชา PROBABILITY AND STATISTICS (06066001) อยู่ในชั้นปีและภาคการศึกษาใด และมีหน่วยกิตเท่าไร? (หลักสูตร IT แผน no_coop),ปี 1 ภาคการศึกษาที่ 2 หน่วยกิต 3(3-0-6),18;28;35;ocr368;ocr386,
รายวิชา,วิชา BUSINESS FUNDAMENTALS FOR INFORMATION TECHNOLOGY (06066101) อยู่ในชั้นปีและภาคการศึกษาใด และมีหน่วยกิตเท่าไร? (หลักสูตร IT แผน no_coop),ปี 1 ภาคการศึกษาที่ 2 หน่วยกิต 3(3-0-6),18;28;35;ocr355;ocr368;ocr369;ocr386,
รายวิชา,วิชา DATA STRUCTURES AND ALGORITHMS (06066301) อยู่ในชั้นปีและภาคการศึกษาใด และมีหน่วยกิตเท่าไร? (หลักสูตร IT แผน no_coop),ปี 1 ภาคการศึกษาที่ 2 หน่วยกิต 3(2-2-5),19;28;35;ocr370;ocr386,
รายวิชา,วิชา DIGITAL INTELLIGENCE QUOTIENT (90641002) อยู่ในชั้นปีและภาคการศึกษาใด และมีหน่วยกิตเท่าไร? (หลักสูตร IT แผน no_coop),ปี 1 ภาคการศึกษาที่ 2 หน่วยกิต 3(3-0-6),16;28;35;ocr138;ocr140;ocr166;ocr249;ocr277;ocr384,
รายวิชา,วิชา FOUNDATION ENGLISH 2 (90644008) อยู่ในชั้นปีและภาคการศึกษาใด และมีหน่วยกิตเท่าไร? (หลักสูตร IT แผน no_coop),ปี 1 ภาคการศึกษาที่ 2 หน่วยกิต 3(3-0-6),17;28;35;ocr138;ocr151;ocr224;ocr384,
รายวิชา,วิชา MULTIMEDIA TECHNOLOGY (06016403) อยู่ในชั้นปีและภาคการศึกษาใด และมีหน่วยกิตเท่าไร? (หลักสูตร IT แผน no_coop),ปี 2 ภาคการศึกษาที่ 1 หน่วยกิต 3(2-2-5),18;29;36;ocr329,
รายวิชา,วิชา PHYSICAL COMPUTING (06016409) อยู่ในชั้นปีและภาคการศึกษาใด และมีหน่วยกิตเท่าไร? (หลักสูตร IT แผน no_coop),ปี 2 ภาคการศึกษาที่ 1 หน่วยกิต 3(2-2-5),19;29;36;ocr332,
รายวิชา,วิชา INTRODUCTION TO NETWORK SYSTEMS (06016413) อยู่ในชั้นปีและภาคการศึกษาใด และมีหน่วยกิตเท่าไร? (หลักสูตร IT แผน no_coop),ปี 2 ภาคการศึกษาที่ 1 หน่วยกิต 3(3-0-6),19;29;36;ocr333;ocr337;ocr338;ocr339;ocr340,
รายวิชา,วิชา DISCRETE MATHEMATICS (06066000) อยู่ในชั้นปีและภาคการศึกษาใด และมีหน่วยกิตเท่าไร? (หลักสูตร IT แผน no_coop),ปี 2 ภาคการศึกษาที่ 1 หน่วยกิต 3(3-0-6),18;29;36;ocr367;ocr386,
รายวิชา,วิชา DATABASE SYSTEM CONCEPTS (06066300) อยู่ในชั้นปีและภาคการศึกษาใด และมีหน่วยกิตเท่าไร? (หลักสูตร IT แผน no_coop),ปี 2 ภาคการศึกษาที่ 1 หน่วยกิต 3(2-2-5),19;29;36;ocr356;ocr369;ocr386,
รายวิชา,วิชา INFORMATION SYSTEM ANALYSIS AND DESIGN (06066304) อยู่ในชั้นปีและภาคการศึกษาใด และมีหน่วยกิตเท่าไร? (หลักสูตร IT แผน no_coop),ปี 2 ภาคการศึกษาที่ 1 หน่วยกิต 3(3-0-6),19;29;36;ocr344;ocr371;ocr387,
รายวิชา,วิชา CYBERSECURITY FUNDAMENTALS (06016405) อยู่ในชั้นปีและภาคการศึกษาใด และมีหน่วยกิตเท่าไร? (หลักสูตร IT แผน no_coop),ปี 2 ภาคการศึกษาที่ 2 หน่วยกิต 3(3-0-6),18;30;37;ocr330,
รายวิชา,วิชา SOFTWARE ENGINEERING (06016410) อยู่ในชั้นปีและภาคการศึกษาใด และมีหน่วยกิตเท่าไร? (หลักสูตร IT แผน no_coop),ปี 2 ภาคการศึกษาที่ 2 หน่วยกิต 3(3-0-6),19;30;37;ocr332,
รายวิชา,วิชา COMPUTER ORGANIZATION AND OPERATING SYSTEM (06016412) อยู่ในชั้นปีและภาคการศึกษาใด และมีหน่วยกิตเท่าไร? (หลักสูตร IT แผน no_coop),ปี 2 ภาคการศึกษาที่ 2 หน่วยกิต 3(2-2-5),19;30;37;ocr333;ocr88,
รายวิชา,วิชา FUNDAMENTAL WEB PROGRAMMING (06066302) อยู่ในชั้นปีและภาคการศึกษาใด และมีหน่วยกิตเท่าไร? (หลักสูตร IT แผน no_coop),ปี 2 ภาคการศึกษาที่ 2 หน่วยกิต 3(2-2-5),19;30;37;ocr343;ocr350;ocr370;ocr386,
รายวิชา,วิชา NOSQL DATABASE SYSTEMS (06016414) อยู่ในชั้นปีและภาคการศึกษาใด และมีหน่วยกิตเท่าไร? (หลักสูตร IT แผน no_coop),ปี 2 ภาคการศึกษาที่ 2 หน่วยกิต 3(2-2-5),20;30;37;ocr334,
รายวิชา,วิชา FUNCTIONAL PROGRAMMING (06016415) อยู่ในชั้นปีและภาคการศึกษาใด และมีหน่วยกิตเท่าไร? (หลักสูตร IT แผน no_coop),ปี 2 ภาคการศึกษาที่ 2 หน่วยกิต 3(2-2-5),20;30;37;ocr335,
รายวิชา,วิชา COMMUNICATION NETWORK INFRASTRUCTURE (06016419) อยู่ในชั้นปีและภาคการศึกษาใด และมีหน่วยกิตเท่าไร? (หลักสูตร IT แผน no_coop),ปี 2 ภาคการศึกษาที่ 2 หน่วยกิต 3(2-2-5),20;30;37;ocr337,
รายวิชา,วิชา INFRASTRUCTURE SYSTEMS AND SERVICES (06016420) อยู่ในชั้นปีและภาคการศึกษาใด และมีหน่วยกิตเท่าไร? (หลักสูตร IT แผน no_coop),ปี 2 ภาคการศึกษาที่ 2 หน่วยกิต 3(2-2-5),20;30;37;ocr338,
รายวิชา,วิชา HUMAN INTERFACE DESIGN (06016424) อยู่ในชั้นปีและภาคการศึกษาใด และมีหน่วยกิตเท่าไร? (หลักสูตร IT แผน no_coop),ปี 2 ภาคการศึกษาที่ 2 หน่วยกิต 3(3-0-6),21;30;37;ocr340,
รายวิชา,วิชา VISUAL DESIGN FUNDAMENTALS FOR INTERACTIVE MEDIA (06016425) อยู่ในชั้นปีและภาคการศึกษาใด และมีหน่วยกิตเท่าไร? (หลักสูตร IT แผน no_coop),ปี 2 ภาคการศึกษาที่ 2 หน่วยกิต 3(3-0-6),21;30;37;ocr341,
รายวิชา,วิชา CLOUD COMPUTING (06016404) อยู่ในชั้นปีและภาคการศึกษาใด และมีหน่วยกิตเท่าไร? (หลักสูตร IT แผน no_coop),ปี 3 ภาคการศึกษาที่ 1 หน่วยกิต 3(2-2-5),18;28;31;ocr329;ocr343,
รายวิชา,วิชา MANAGEMENT INFORMATION SYSTEMS (06066102) อยู่ในชั้นปีและภาคการศึกษาใด และมีหน่วยกิตเท่าไร? (หลักสูตร IT แผน no_coop),ปี 3 ภาคการศึกษาที่ 1 หน่วยกิต 3(3-0-6),18;28;31;ocr369;ocr386,
รายวิชา,วิชา REQUIREMENT ENGINEERING (06016416) อยู่ในชั้นปีและภาคการศึกษาใด และมีหน่วยกิตเท่าไร? (หลักสูตร IT แผน no_coop),ปี 3 ภาคการศึกษาที่ 1 หน่วยกิต 3(3-0-6),20;28;31;ocr335,
รายวิชา,วิชา SOFTWARE DEVELOPMENT TOOLS AND ENVIRONMENTS (06016417) อยู่ในชั้นปีและภาคการศึกษาใด และมีหน่วยกิตเท่าไร? (หลักสูตร IT แผน no_coop),ปี 3 ภาคการศึกษาที่ 1 หน่วยกิต 3(2-2-5),20;28;31;ocr335;ocr88,
รายวิชา,วิชา SERVER-SIDE WEB DEVELOPMENT (06016418) อยู่ในชั้นปีและภาคการศึกษาใด และมีหน่วยกิตเท่าไร? (หลักสูตร IT แผน no_coop),ปี 3 ภาคการศึกษาที่ 1 หน่วยกิต 3(2-2-5),20;21;28;31;ocr336;ocr88,
รายวิชา,วิชา INFORMATION TECHNOLOGY INFRASTRUCTURE SECURITY (06016421) อยู่ในชั้นปีและภาคการศึกษาใด และมีหน่วยกิตเท่าไร? (หลักสูตร IT แผน no_coop),ปี 3 ภาคการศึกษาที่ 1 หน่วยกิต 3(3-0-6),20;28;31;ocr338,
รายวิชา,วิชา INTERNET OF THINGS (06016422) อยู่ในชั้นปีและภาคการศึกษาใด และมีหน่วยกิตเท่าไร? (หลักสูตร IT แผน no_coop),ปี 3 ภาคการศึกษาที่ 1 หน่วยกิต 3(2-2-5),20;28;31;ocr339,
รายวิชา,วิชา INFRASTRUCTURE PROGRAMMABILITY AND AUTOMATION (06016423) อยู่ในชั้นปีและภาคการศึกษาใด และมีหน่วยกิตเท่าไร? (หลักสูตร IT แผน no_coop),ปี 3 ภาคการศึกษาที่ 1 หน่วยกิต 3(2-2-5),20;28;31;ocr340,
รายวิชา,วิชา COMPUTER GRAPHICS AND ANIMATION (06016426) อยู่ในชั้นปีและภาคการศึกษาใด และมีหน่วยกิตเท่าไร? (หลักสูตร IT แผน no_coop),ปี 3 ภาคการศึกษาที่ 1 หน่วยกิต 3(2-2-5),21;28;31;ocr341,
รายวิชา,วิชา INTRODUCTION TO GAME DESIGN AND DEVELOPMENT (06016427) อยู่ในชั้นปีและภาคการศึกษาใด และมีหน่วยกิตเท่าไร? (หลักสูตร IT แผน no_coop),ปี 3 ภาคการศึกษาที่ 1 หน่วยกิต 3(2-2-5),21;28;31;ocr342,
รายวิชา,วิชา SERVER-SIDE WEB DEVELOPMENT (06016418) อยู่ในชั้นปีและภาคการศึกษาใด และมีหน่วยกิตเท่าไร? (หลักสูตร IT แผน no_coop),ปี 3 ภาคการศึกษาที่ 1 หน่วยกิต 3(2-2-5),20;21;28;31;ocr336;ocr88,
รายวิชา,วิชา ELECTIVE COURSE IN INFORMATION TECHNOLOGY 1 (060164xx) อยู่ในชั้นปีและภาคการศึกษาใด และมีหน่วยกิตเท่าไร? (หลักสูตร IT แผน no_coop),ปี 3 ภาคการศึกษาที่ 2 หน่วยกิต 3(3-0-6) หรือ 3(2-2-5) หรือ 3(0-6-3),32;33;39,
รายวิชา,วิชา ELECTIVE COURSE IN INFORMATION TECHNOLOGY 2 (060164xx) อยู่ในชั้นปีและภาคการศึกษาใด และมีหน่วยกิตเท่าไร? (หลักสูตร IT แผน no_coop),ปี 3 ภาคการศึกษาที่ 2 หน่วยกิต 3(3-0-6) หรือ 3(2-2-5) หรือ 3(0-6-3),32;33;39,
รายวิชา,วิชา INFORMATION TECHNOLOGY PROJECT MANAGEMENT (06066100) อยู่ในชั้นปีและภาคการศึกษาใด และมีหน่วยกิตเท่าไร? (หลักสูตร IT แผน no_coop),ปี 3 ภาคการศึกษาที่ 2 หน่วยกิต 3(3-0-6),18;32;40;ocr368;ocr386,
รายวิชา,วิชา LAW FOR NEW GENERATION (90642033) อยู่ในชั้นปีและภาคการศึกษาใด และมีหน่วยกิตเท่าไร? (หลักสูตร IT แผน no_coop),ปี 3 ภาคการศึกษาที่ 2 หน่วยกิต 3(3-0-6),17;32;40;ocr141;ocr176;ocr273;ocr384,
รายวิชา,วิชา PROFESSIONAL COMMUNICATION AND PRESENTATION (90644042) อยู่ในชั้นปีและภาคการศึกษาใด และมีหน่วยกิตเท่าไร? (หลักสูตร IT แผน no_coop),ปี 3 ภาคการศึกษาที่ 2 หน่วยกิต 3(3-0-6),17;32;40;ocr152;ocr233;ocr273;ocr274;ocr384,
รายวิชา,วิชา PROJECT 1 (06016406) อยู่ในชั้นปีและภาคการศึกษาใด และมีหน่วยกิตเท่าไร? (หลักสูตร IT แผน no_coop),ปี 4 ภาคการศึกษาที่ 1 หน่วยกิต 3(0-9-0),18;33;39;ocr330;ocr331;ocr87,
รายวิชา,วิชา ELECTIVE COURSE IN INFORMATION TECHNOLOGY 3 (060164xx) อยู่ในชั้นปีและภาคการศึกษาใด และมีหน่วยกิตเท่าไร? (หลักสูตร IT แผน no_coop),ปี 4 ภาคการศึกษาที่ 1 หน่วยกิต 3(3-0-6) หรือ 3(2-2-5) หรือ 3(0-6-3),32;33;39,
รายวิชา,วิชา MODERN ENTREPRENEURS (90643021) อยู่ในชั้นปีและภาคการศึกษาใด และมีหน่วยกิตเท่าไร? (หลักสูตร IT แผน no_coop),ปี 4 ภาคการศึกษาที่ 1 หน่วยกิต 3(3-0-6),17;33;39;ocr149;ocr216;ocr270;ocr272;ocr273;ocr384,
รายวิชา,วิชา PROJECT 2 (06016407) อยู่ในชั้นปีและภาคการศึกษาใด และมีหน่วยกิตเท่าไร? (หลักสูตร IT แผน no_coop),ปี 4 ภาคการศึกษาที่ 2 หน่วยกิต 3(0-9-0),19;33;40;ocr331,
รายวิชา,วิชา MICROSERVICE DESIGN AND DEVELOPMENT (06016428) อยู่ในชั้นปีและภาคการศึกษาใด และมีหน่วยกิตเท่าไร? (หลักสูตร IT แผน no_coop),ปี 0 ภาคการศึกษาที่ 0 หน่วยกิต 3(2-2-5),21;25;ocr342;ocr390,
รายวิชา,วิชา CLIENT-SIDE WEB DEVELOPMENT (06016429) อยู่ในชั้นปีและภาคการศึกษาใด และมีหน่วยกิตเท่าไร? (หลักสูตร IT แผน no_coop),ปี 0 ภาคการศึกษาที่ 0 หน่วยกิต 3(2-2-5),21;25;ocr343;ocr390,
รายวิชา,วิชา CLOUD APPLICATION DEVELOPMENT (06016430) อยู่ในชั้นปีและภาคการศึกษาใด และมีหน่วยกิตเท่าไร? (หลักสูตร IT แผน no_coop),ปี 0 ภาคการศึกษาที่ 0 หน่วยกิต 3(2-2-5),21;25;ocr343;ocr390,
รายวิชา,วิชา MOBILE DEVICE PROGRAMMING (06016431) อยู่ในชั้นปีและภาคการศึกษาใด และมีหน่วยกิตเท่าไร? (หลักสูตร IT แผน no_coop),ปี 0 ภาคการศึกษาที่ 0 หน่วยกิต 3(2-2-5),21;ocr344;ocr390,
รายวิชา,วิชา SOFTWARE VERIFICATION AND VALIDATION (06016432) อยู่ในชั้นปีและภาคการศึกษาใด และมีหน่วยกิตเท่าไร? (หลักสูตร IT แผน no_coop),ปี 0 ภาคการศึกษาที่ 0 หน่วยกิต 3(3-0-6),21;ocr344;ocr390,
รายวิชา,วิชา AUTOMATION TESTING IN AGILE (06016433) อยู่ในชั้นปีและภาคการศึกษาใด และมีหน่วยกิตเท่าไร? (หลักสูตร IT แผน no_coop),ปี 0 ภาคการศึกษาที่ 0 หน่วยกิต 3(2-2-5),21;ocr344;ocr390,
รายวิชา,วิชา WEB ACCEPTANCE TESTING (06016434) อยู่ในชั้นปีและภาคการศึกษาใด และมีหน่วยกิตเท่าไร? (หลักสูตร IT แผน no_coop),ปี 0 ภาคการศึกษาที่ 0 หน่วยกิต 3(2-2-5),21;ocr345;ocr390,
รายวิชา,วิชา ELEMENTS OF DATA SCIENCE (06016435) อยู่ในชั้นปีและภาคการศึกษาใด และมีหน่วยกิตเท่าไร? (หลักสูตร IT แผน no_coop),ปี 0 ภาคการศึกษาที่ 0 หน่วยกิต 3(2-2-5),21;ocr345;ocr390,
รายวิชา,วิชา DATA VISUALIZATION (06016436) อยู่ในชั้นปีและภาคการศึกษาใด และมีหน่วยกิตเท่าไร? (หลักสูตร IT แผน no_coop),ปี 0 ภาคการศึกษาที่ 0 หน่วยกิต 3(2-2-5),22;ocr346;ocr390,
รายวิชา,วิชา RELIABLE AND SCALABLE INFRASTRUCTURE (06016437) อยู่ในชั้นปีและภาคการศึกษาใด และมีหน่วยกิตเท่าไร? (หลักสูตร IT แผน no_coop),ปี 0 ภาคการศึกษาที่ 0 หน่วยกิต 3(3-0-6),22;ocr346;ocr390,
รายวิชา,วิชา CLOUD SECURITY (06016438) อยู่ในชั้นปีและภาคการศึกษาใด และมีหน่วยกิตเท่าไร? (หลักสูตร IT แผน no_coop),ปี 0 ภาคการศึกษาที่ 0 หน่วยกิต 3(3-0-6),22;ocr347;ocr390,
รายวิชา,วิชา WIRELESS NETWORK TECHNOLOGY (06016439) อยู่ในชั้นปีและภาคการศึกษาใด และมีหน่วยกิตเท่าไร? (หลักสูตร IT แผน no_coop),ปี 0 ภาคการศึกษาที่ 0 หน่วยกิต 3(3-0-6),22;25;ocr347;ocr390,
รายวิชา,วิชา INFORMATION NETWORK DESIGN (06016440) อยู่ในชั้นปีและภาคการศึกษาใด และมีหน่วยกิตเท่าไร? (หลักสูตร IT แผน no_coop),ปี 0 ภาคการศึกษาที่ 0 หน่วยกิต 3(3-0-6),22;25;ocr348;ocr390,
รายวิชา,วิชา NETWORK AND SYSTEM PERFORMANCE (06016441) อยู่ในชั้นปีและภาคการศึกษาใด และมีหน่วยกิตเท่าไร? (หลักสูตร IT แผน no_coop),ปี 0 ภาคการศึกษาที่ 0 หน่วยกิต 3(3-0-6),22;25;ocr348;ocr390,
รายวิชา,วิชา INTERNET OF THINGS HARDWARE DESIGN (06016442) อยู่ในชั้นปีและภาคการศึกษาใด และมีหน่วยกิตเท่าไร? (หลักสูตร IT แผน no_coop),ปี 0 ภาคการศึกษาที่ 0 หน่วยกิต 3(2-2-5),22;ocr349;ocr390,
รายวิชา,วิชา INTERNET OF THINGS DATA ANALYTICS AND APPLICATIONS (06016443) อยู่ในชั้นปีและภาคการศึกษาใด และมีหน่วยกิตเท่าไร? (หลักสูตร IT แผน no_coop),ปี 0 ภาคการศึกษาที่ 0 หน่วยกิต 3(2-2-5),22;ocr349;ocr390,
รายวิชา,วิชา WEB DESIGN (06016444) อยู่ในชั้นปีและภาคการศึกษาใด และมีหน่วยกิตเท่าไร? (หลักสูตร IT แผน no_coop),ปี 0 ภาคการศึกษาที่ 0 หน่วยกิต 3(2-2-5),22;ocr350;ocr390,
รายวิชา,วิชา ADVANCED SCRIPTING FOR DESIGN (06016445) อยู่ในชั้นปีและภาคการศึกษาใด และมีหน่วยกิตเท่าไร? (หลักสูตร IT แผน no_coop),ปี 0 ภาคการศึกษาที่ 0 หน่วยกิต 3(2-2-5),22;ocr350;ocr390,
รายวิชา,วิชา GAME DESIGN (06016446) อยู่ในชั้นปีและภาคการศึกษาใด และมีหน่วยกิตเท่าไร? (หลักสูตร IT แผน no_coop),ปี 0 ภาคการศึกษาที่ 0 หน่วยกิต 3(3-0-6),22;25;ocr351;ocr390,
รายวิชา,วิชา FUNDAMENTAL GAME DEVELOPMENT WITH GAME ENGINE (06016447) อยู่ในชั้นปีและภาคการศึกษาใด และมีหน่วยกิตเท่าไร? (หลักสูตร IT แผน no_coop),ปี 0 ภาคการศึกษาที่ 0 หน่วยกิต 3(2-2-5),22;25;ocr351;ocr352;ocr390,
รายวิชา,วิชา ADVANCED GAME DEVELOPMENT WITH GAME ENGINE (06016448) อยู่ในชั้นปีและภาคการศึกษาใด และมีหน่วยกิตเท่าไร? (หลักสูตร IT แผน no_coop),ปี 0 ภาคการศึกษาที่ 0 หน่วยกิต 3(2-2-5),22;25;ocr351;ocr390,
รายวิชา,วิชา GAMIFICATION (06016449) อยู่ในชั้นปีและภาคการศึกษาใด และมีหน่วยกิตเท่าไร? (หลักสูตร IT แผน no_coop),ปี 0 ภาคการศึกษาที่ 0 หน่วยกิต 3(3-0-6),22;ocr352;ocr390;ocr90,
รายวิชา,วิชา GAME DEVELOPMENT WITH REALITY TECHNOLOGY (06016450) อยู่ในชั้นปีและภาคการศึกษาใด และมีหน่วยกิตเท่าไร? (หลักสูตร IT แผน no_coop),ปี 0 ภาคการศึกษาที่ 0 หน่วยกิต 3(2-2-5),22;ocr352;ocr390,
รายวิชา,วิชา ENTERPRISE RESOURCE PLANNING (06016451) อยู่ในชั้นปีและภาคการศึกษาใด และมีหน่วยกิตเท่าไร? (หลักสูตร IT แผน no_coop),ปี 0 ภาคการศึกษาที่ 0 หน่วยกิต 3(3-0-6),22;ocr353;ocr391,
รายวิชา,วิชา SUPPLY CHAIN MANAGEMENT AND LOGISTICS (06016452) อยู่ในชั้นปีและภาคการศึกษาใด และมีหน่วยกิตเท่าไร? (หลักสูตร IT แผน no_coop),ปี 0 ภาคการศึกษาที่ 0 หน่วยกิต 3(3-0-6),23;ocr353;ocr391,
รายวิชา,วิชา CUSTOMER RELATIONSHIP MANAGEMENT (06016453) อยู่ในชั้นปีและภาคการศึกษาใด และมีหน่วยกิตเท่าไร? (หลักสูตร IT แผน no_coop),ปี 0 ภาคการศึกษาที่ 0 หน่วยกิต 3(3-0-6),23;ocr354;ocr391,
รายวิชา,"วิชา UX TOOLS AND SOFTWARE DEVELOPMENT FOR DIGITAL
BUSINESS (06016454) อยู่ในชั้นปีและภาคการศึกษาใด และมีหน่วยกิตเท่าไร? (หลักสูตร IT แผน no_coop)",ปี 0 ภาคการศึกษาที่ 0 หน่วยกิต 3(3-0-6),23;ocr354;ocr391,
รายวิชา,วิชา CUSTOMER BEHAVIOR ANALYSIS (06016455) อยู่ในชั้นปีและภาคการศึกษาใด และมีหน่วยกิตเท่าไร? (หลักสูตร IT แผน no_coop),ปี 0 ภาคการศึกษาที่ 0 หน่วยกิต 3(3-0-6),23;ocr355;ocr391,
รายวิชา,วิชา BUSINESS MODEL (06016456) อยู่ในชั้นปีและภาคการศึกษาใด และมีหน่วยกิตเท่าไร? (หลักสูตร IT แผน no_coop),ปี 0 ภาคการศึกษาที่ 0 หน่วยกิต 3(3-0-6),23;ocr355;ocr391,
รายวิชา,วิชา ADVANCED DATABASE SYSTEMS (06016457) อยู่ในชั้นปีและภาคการศึกษาใด และมีหน่วยกิตเท่าไร? (หลักสูตร IT แผน no_coop),ปี 0 ภาคการศึกษาที่ 0 หน่วยกิต 3(3-0-6),23;ocr356;ocr391,
รายวิชา,วิชา DATABASE SYSTEM MAINTENANCE AND ADMINISTRATION (06016458) อยู่ในชั้นปีและภาคการศึกษาใด และมีหน่วยกิตเท่าไร? (หลักสูตร IT แผน no_coop),ปี 0 ภาคการศึกษาที่ 0 หน่วยกิต 3(2-2-5),23;ocr356;ocr391,
รายวิชา,วิชา SOFTWARE STANDARD AND QUALITY ASSURANCE (06016459) อยู่ในชั้นปีและภาคการศึกษาใด และมีหน่วยกิตเท่าไร? (หลักสูตร IT แผน no_coop),ปี 0 ภาคการศึกษาที่ 0 หน่วยกิต 3(3-0-6),23;ocr357;ocr391,
รายวิชา,วิชา ARTIFICIAL INTELLIGENCE (06016460) อยู่ในชั้นปีและภาคการศึกษาใด และมีหน่วยกิตเท่าไร? (หลักสูตร IT แผน no_coop),ปี 0 ภาคการศึกษาที่ 0 หน่วยกิต 3(3-0-6),23;ocr357;ocr391,
รายวิชา,วิชา INTRODUCTION TO NATURAL LANGUAGE PROCESSING (06016461) อยู่ในชั้นปีและภาคการศึกษาใด และมีหน่วยกิตเท่าไร? (หลักสูตร IT แผน no_coop),ปี 0 ภาคการศึกษาที่ 0 หน่วยกิต 3(3-0-6),23;ocr358;ocr391,
รายวิชา,วิชา MOBILE COMMUNICATION TECHNOLOGY (06016462) อยู่ในชั้นปีและภาคการศึกษาใด และมีหน่วยกิตเท่าไร? (หลักสูตร IT แผน no_coop),ปี 0 ภาคการศึกษาที่ 0 หน่วยกิต 3(3-0-6),23;ocr358;ocr391,
รายวิชา,วิชา HYBRID COMPUTING TECHNOLOGY (06016463) อยู่ในชั้นปีและภาคการศึกษาใด และมีหน่วยกิตเท่าไร? (หลักสูตร IT แผน no_coop),ปี 0 ภาคการศึกษาที่ 0 หน่วยกิต 3(3-0-6),23;ocr359;ocr391,
รายวิชา,วิชา PRACTICAL CYBER SECURITY (06016464) อยู่ในชั้นปีและภาคการศึกษาใด และมีหน่วยกิตเท่าไร? (หลักสูตร IT แผน no_coop),ปี 0 ภาคการศึกษาที่ 0 หน่วยกิต 3(2-2-5),23;ocr359;ocr391,
รายวิชา,วิชา DATA CENTER DESIGN (06016465) อยู่ในชั้นปีและภาคการศึกษาใด และมีหน่วยกิตเท่าไร? (หลักสูตร IT แผน no_coop),ปี 0 ภาคการศึกษาที่ 0 หน่วยกิต 3(3-0-6),23;ocr360;ocr391,
รายวิชา,วิชา NETWORK AND SYSTEM TROUBLE SHOOTING (06016466) อยู่ในชั้นปีและภาคการศึกษาใด และมีหน่วยกิตเท่าไร? (หลักสูตร IT แผน no_coop),ปี 0 ภาคการศึกษาที่ 0 หน่วยกิต 3(0-6-3),23;ocr360;ocr391,
รายวิชา,วิชา IMAGE TRANSFORMATION AND RECOGNITION (06016467) อยู่ในชั้นปีและภาคการศึกษาใด และมีหน่วยกิตเท่าไร? (หลักสูตร IT แผน no_coop),ปี 0 ภาคการศึกษาที่ 0 หน่วยกิต 3(3-0-6),23;ocr361;ocr391,
รายวิชา,วิชา DEEP LEARNING IN MEDICAL IMAGE AND VIDEO ANALYSIS (06016468) อยู่ในชั้นปีและภาคการศึกษาใด และมีหน่วยกิตเท่าไร? (หลักสูตร IT แผน no_coop),ปี 0 ภาคการศึกษาที่ 0 หน่วยกิต 3(3-0-6),24;ocr361;ocr391,
รายวิชา,วิชา INTRODUCTION TO HEALTHCARE DATA ANALYTICS (06016469) อยู่ในชั้นปีและภาคการศึกษาใด และมีหน่วยกิตเท่าไร? (หลักสูตร IT แผน no_coop),ปี 0 ภาคการศึกษาที่ 0 หน่วยกิต 3(3-0-6),24;ocr362;ocr391;ocr91,
รายวิชา,วิชา CLINICAL DATA ACQUISITION AND MANAGEMENT (06016470) อยู่ในชั้นปีและภาคการศึกษาใด และมีหน่วยกิตเท่าไร? (หลักสูตร IT แผน no_coop),ปี 0 ภาคการศึกษาที่ 0 หน่วยกิต 3(2-2-5),24;ocr362;ocr391,
รายวิชา,วิชา BIG DATA ANALYSIS (06016471) อยู่ในชั้นปีและภาคการศึกษาใด และมีหน่วยกิตเท่าไร? (หลักสูตร IT แผน no_coop),ปี 0 ภาคการศึกษาที่ 0 หน่วยกิต 3(2-2-5),24;ocr363;ocr391,
รายวิชา,วิชา ROBOTIC PROCESS AUTOMATION (06016472) อยู่ในชั้นปีและภาคการศึกษาใด และมีหน่วยกิตเท่าไร? (หลักสูตร IT แผน no_coop),ปี 0 ภาคการศึกษาที่ 0 หน่วยกิต 3(3-0-6),24;ocr363;ocr391,
รายวิชา,วิชา SPECIAL TOPICS IN INFORMATION TECHNOLOGY 1 (06016473) อยู่ในชั้นปีและภาคการศึกษาใด และมีหน่วยกิตเท่าไร? (หลักสูตร IT แผน no_coop),ปี 0 ภาคการศึกษาที่ 0 หน่วยกิต 3(3-0-6),24;ocr364;ocr391,
รายวิชา,วิชา SPECIAL TOPICS IN INFORMATION TECHNOLOGY 2 (06016474) อยู่ในชั้นปีและภาคการศึกษาใด และมีหน่วยกิตเท่าไร? (หลักสูตร IT แผน no_coop),ปี 0 ภาคการศึกษาที่ 0 หน่วยกิต 3(3-0-6),24;ocr364;ocr391,
รายวิชา,วิชา SPECIAL TOPICS IN INFORMATION TECHNOLOGY 3 (06016475) อยู่ในชั้นปีและภาคการศึกษาใด และมีหน่วยกิตเท่าไร? (หลักสูตร IT แผน no_coop),ปี 0 ภาคการศึกษาที่ 0 หน่วยกิต 3(3-0-6),24;ocr364;ocr391,
รายวิชา,วิชา SPECIAL TOPICS IN INFORMATION TECHNOLOGY 4 (06016476) อยู่ในชั้นปีและภาคการศึกษาใด และมีหน่วยกิตเท่าไร? (หลักสูตร IT แผน no_coop),ปี 0 ภาคการศึกษาที่ 0 หน่วยกิต 3(3-0-6),24;ocr365;ocr391,
รายวิชา,วิชา SPECIAL WORKSHOP IN INFORMATION TECHNOLOGY 1 (06016477) อยู่ในชั้นปีและภาคการศึกษาใด และมีหน่วยกิตเท่าไร? (หลักสูตร IT แผน no_coop),ปี 0 ภาคการศึกษาที่ 0 หน่วยกิต 3(2-2-5),24;ocr365;ocr391,
รายวิชา,วิชา SPECIAL WORKSHOP IN INFORMATION TECHNOLOGY 2 (06016478) อยู่ในชั้นปีและภาคการศึกษาใด และมีหน่วยกิตเท่าไร? (หลักสูตร IT แผน no_coop),ปี 0 ภาคการศึกษาที่ 0 หน่วยกิต 3(2-2-5),24;ocr365;ocr392,
รายวิชา,วิชา SPECIAL WORKSHOP IN INFORMATION TECHNOLOGY 3 (06016479) อยู่ในชั้นปีและภาคการศึกษาใด และมีหน่วยกิตเท่าไร? (หลักสูตร IT แผน no_coop),ปี 0 ภาคการศึกษาที่ 0 หน่วยกิต 3(2-2-5),24;ocr366;ocr392,
รายวิชา,วิชา SPECIAL WORKSHOP IN INFORMATION TECHNOLOGY 4 (06016480) อยู่ในชั้นปีและภาคการศึกษาใด และมีหน่วยกิตเท่าไร? (หลักสูตร IT แผน no_coop),ปี 0 ภาคการศึกษาที่ 0 หน่วยกิต 3(2-2-5),24;ocr366;ocr392,
หมวดศึกษาทั่วไป,วิชา PRACTICE UNDER PERSONAL AND PROFESSIONAL SKILLS 1 (90642001) เป็นวิชาบังคับหรือวิชาเลือก และมีหน่วยกิตเท่าไร?,"เลือก, หน่วยกิต 1(0-2-1)",ocr121,
หมวดศึกษาทั่วไป,วิชา PRACTICE UNDER PERSONAL AND PROFESSIONAL SKILLS 2 (90642002) เป็นวิชาบังคับหรือวิชาเลือก และมีหน่วยกิตเท่าไร?,"เลือก, หน่วยกิต 2(0-4-2)",ocr121;ocr238;ocr241,
หมวดศึกษาทั่วไป,วิชา PRACTICE UNDER PERSONAL AND PROFESSIONAL SKILLS 3 (90642003) เป็นวิชาบังคับหรือวิชาเลือก และมีหน่วยกิตเท่าไร?,"เลือก, หน่วยกิต 3(0-6-3)",ocr121;ocr131;ocr146;ocr238,
หมวดศึกษาทั่วไป,วิชา ANALYTICAL THINKING (90642004) เป็นวิชาบังคับหรือวิชาเลือก และมีหน่วยกิตเท่าไร?,"เลือก, หน่วยกิต 1(1-0-2)",ocr238,
หมวดศึกษาทั่วไป,วิชา INNOVATIVE THINKING (90642006) เป็นวิชาบังคับหรือวิชาเลือก และมีหน่วยกิตเท่าไร?,"เลือก, หน่วยกิต 1(1-0-2)",ocr239,
หมวดศึกษาทั่วไป,วิชา CRITICAL THINKING (90642011) เป็นวิชาบังคับหรือวิชาเลือก และมีหน่วยกิตเท่าไร?,"เลือก, หน่วยกิต 3(3-0-6)",ocr121;ocr147,
หมวดศึกษาทั่วไป,วิชา DESIGN THINKING (90642012) เป็นวิชาบังคับหรือวิชาเลือก และมีหน่วยกิตเท่าไร?,"เลือก, หน่วยกิต 3(3-0-6)",ocr121;ocr147;ocr25;ocr36,
หมวดศึกษาทั่วไป,วิชา INNOVATIVE AND SYSTEM THINKING (90642014) เป็นวิชาบังคับหรือวิชาเลือก และมีหน่วยกิตเท่าไร?,"เลือก, หน่วยกิต 3(3-0-6)",ocr148;ocr238,
หมวดศึกษาทั่วไป,วิชา CREATIVE THINKING AND INNOVATION (90642015) เป็นวิชาบังคับหรือวิชาเลือก และมีหน่วยกิตเท่าไร?,"เลือก, หน่วยกิต 3(3-0-6)",ocr148;ocr238,
หมวดศึกษาทั่วไป,วิชา INNOVATION UNBOXED (90642017) เป็นวิชาบังคับหรือวิชาเลือก และมีหน่วยกิตเท่าไร?,"เลือก, หน่วยกิต 3(3-0-6)",ocr238,
หมวดศึกษาทั่วไป,วิชา CREATIVE PRODUCTION TECHNOLOGY (90642018) เป็นวิชาบังคับหรือวิชาเลือก และมีหน่วยกิตเท่าไร?,"เลือก, หน่วยกิต 3(3-0-6)",ocr149;ocr238,
หมวดศึกษาทั่วไป,วิชา BASIC CREATIVE STEM DESIGN (90642019) เป็นวิชาบังคับหรือวิชาเลือก และมีหน่วยกิตเท่าไร?,"เลือก, หน่วยกิต 3(3-0-6)",ocr149;ocr238,
หมวดศึกษาทั่วไป,วิชา ADVANCE CREATIVE STEM DESIGN (90642020) เป็นวิชาบังคับหรือวิชาเลือก และมีหน่วยกิตเท่าไร?,"เลือก, หน่วยกิต 3(3-0-6)",ocr149,
หมวดศึกษาทั่วไป,วิชา JUNK DESIGN (90642021) เป็นวิชาบังคับหรือวิชาเลือก และมีหน่วยกิตเท่าไร?,"เลือก, หน่วยกิต 3(3-0-6)",ocr121;ocr150;ocr239,
หมวดศึกษาทั่วไป,วิชา PHILOSOPHY OF SCIENCE (90642022) เป็นวิชาบังคับหรือวิชาเลือก และมีหน่วยกิตเท่าไร?,"เลือก, หน่วยกิต 3(3-0-6)",ocr121;ocr150,
หมวดศึกษาทั่วไป,วิชา PROFESSIONAL INFORMATION ANALYSIS AND ACADEMIC PRESENTATION (90642024) เป็นวิชาบังคับหรือวิชาเลือก และมีหน่วยกิตเท่าไร?,"เลือก, หน่วยกิต 3(3-0-6)",ocr122;ocr150;ocr239,
หมวดศึกษาทั่วไป,วิชา FATCS BEHIND NUMBERS (90642025) เป็นวิชาบังคับหรือวิชาเลือก และมีหน่วยกิตเท่าไร?,"เลือก, หน่วยกิต 3(3-0-6)",ocr122;ocr151,
หมวดศึกษาทั่วไป,วิชา RESEARCH SKILL DEVELOPMENT (90642026) เป็นวิชาบังคับหรือวิชาเลือก และมีหน่วยกิตเท่าไร?,"เลือก, หน่วยกิต 3(3-0-6)",ocr122;ocr151,
หมวดศึกษาทั่วไป,วิชา GAMBLING LITERACY (90642028) เป็นวิชาบังคับหรือวิชาเลือก และมีหน่วยกิตเท่าไร?,"เลือก, หน่วยกิต 3(3-0-6)",ocr122,
หมวดศึกษาทั่วไป,"วิชา MEDICAL ETHICS, LAWS AND PROFESSIONALOSM (90642029) เป็นวิชาบังคับหรือวิชาเลือก และมีหน่วยกิตเท่าไร?","เลือก, หน่วยกิต 3(2-2-5)",ocr122;ocr152;ocr239,
หมวดศึกษาทั่วไป,วิชา ENGINEERING ETHICS AND LAWS (90642030) เป็นวิชาบังคับหรือวิชาเลือก และมีหน่วยกิตเท่าไร?,"เลือก, หน่วยกิต 3(3-0-6)",ocr152;ocr239,
หมวดศึกษาทั่วไป,วิชา PROFESSIONAL ETHICS AND LAWS (90642031) เป็นวิชาบังคับหรือวิชาเลือก และมีหน่วยกิตเท่าไร?,"เลือก, หน่วยกิต 3(3-0-6)",ocr239,
หมวดศึกษาทั่วไป,วิชา LAW FOR ENTREPRENEURS (90642032) เป็นวิชาบังคับหรือวิชาเลือก และมีหน่วยกิตเท่าไร?,"เลือก, หน่วยกิต 3(3-0-6)",ocr122;ocr153;ocr239,
หมวดศึกษาทั่วไป,วิชา LAW FOR NEW GENERATION (90642033) เป็นวิชาบังคับหรือวิชาเลือก และมีหน่วยกิตเท่าไร?,"เลือก, หน่วยกิต 3(3-0-6)",ocr239,
หมวดศึกษาทั่วไป,วิชา LAW AND REGULATION IN AVIATION INDUSTRY (90642034) เป็นวิชาบังคับหรือวิชาเลือก และมีหน่วยกิตเท่าไร?,"เลือก, หน่วยกิต 3(3-0-6)",ocr153;ocr239,
หมวดศึกษาทั่วไป,วิชา INDUSTRIAL EXPERIENCE FOR ENGINEERS (90642035) เป็นวิชาบังคับหรือวิชาเลือก และมีหน่วยกิตเท่าไร?,"เลือก, หน่วยกิต 3(0-18-0)",ocr154;ocr239,
หมวดศึกษาทั่วไป,วิชา PRE-ACTIVITIES FOR ENGINEERS (90642036) เป็นวิชาบังคับหรือวิชาเลือก และมีหน่วยกิตเท่าไร?,"เลือก, หน่วยกิต 1(0-3-0)",ocr239,
หมวดศึกษาทั่วไป,วิชา PROFESSIONAL SKILLS AND ISSUES (90642037) เป็นวิชาบังคับหรือวิชาเลือก และมีหน่วยกิตเท่าไร?,"เลือก, หน่วยกิต 3(3-0-6)",ocr122;ocr154,
หมวดศึกษาทั่วไป,วิชา OCCUPATIONAL SAFETY AND HEALTH (90642038) เป็นวิชาบังคับหรือวิชาเลือก และมีหน่วยกิตเท่าไร?,"เลือก, หน่วยกิต 3(3-0-6)",ocr122;ocr155,
หมวดศึกษาทั่วไป,วิชา COFFEE MANIA (90642040) เป็นวิชาบังคับหรือวิชาเลือก และมีหน่วยกิตเท่าไร?,"เลือก, หน่วยกิต 3(3-0-6)",ocr122;ocr239,
หมวดศึกษาทั่วไป,วิชา DORM CHEF (90642041) เป็นวิชาบังคับหรือวิชาเลือก และมีหน่วยกิตเท่าไร?,"เลือก, หน่วยกิต 3(3-0-6)",ocr123;ocr156;ocr239,
หมวดศึกษาทั่วไป,วิชา SCIENCE AND ART OF MEATS (90642042) เป็นวิชาบังคับหรือวิชาเลือก และมีหน่วยกิตเท่าไร?,"เลือก, หน่วยกิต 3(3-0-6)",ocr123;ocr156,
หมวดศึกษาทั่วไป,วิชา SCIENCE OF BURGER (90642043) เป็นวิชาบังคับหรือวิชาเลือก และมีหน่วยกิตเท่าไร?,"เลือก, หน่วยกิต 3(3-0-6)",ocr123;ocr156;ocr239,
หมวดศึกษาทั่วไป,วิชา WORLD OF SAUSAGES (90642044) เป็นวิชาบังคับหรือวิชาเลือก และมีหน่วยกิตเท่าไร?,"เลือก, หน่วยกิต 3(3-0-6)",ocr123;ocr156;ocr239,
หมวดศึกษาทั่วไป,วิชา BE MY BEV. (90642045) เป็นวิชาบังคับหรือวิชาเลือก และมีหน่วยกิตเท่าไร?,"เลือก, หน่วยกิต 3(3-0-6)",ocr123,
หมวดศึกษาทั่วไป,วิชา RICE-SARA (90642046) เป็นวิชาบังคับหรือวิชาเลือก และมีหน่วยกิตเท่าไร?,"เลือก, หน่วยกิต 3(3-0-6)",ocr123,
หมวดศึกษาทั่วไป,วิชา TREE DOCTOR (90642047) เป็นวิชาบังคับหรือวิชาเลือก และมีหน่วยกิตเท่าไร?,"เลือก, หน่วยกิต 3(3-0-6)",ocr157;ocr239,
หมวดศึกษาทั่วไป,วิชา FUN WITH DRUGS AND HERBS (90642048) เป็นวิชาบังคับหรือวิชาเลือก และมีหน่วยกิตเท่าไร?,"เลือก, หน่วยกิต 3(3-0-6)",ocr158;ocr239,
หมวดศึกษาทั่วไป,วิชา MICROBIAL UTILIZATION FOR DAILY LIFE (90642049) เป็นวิชาบังคับหรือวิชาเลือก และมีหน่วยกิตเท่าไร?,"เลือก, หน่วยกิต 3(3-0-6)",ocr240,
หมวดศึกษาทั่วไป,วิชา MEDICINAL PLANTS (90642050) เป็นวิชาบังคับหรือวิชาเลือก และมีหน่วยกิตเท่าไร?,"เลือก, หน่วยกิต 3(3-0-6)",ocr159,
หมวดศึกษาทั่วไป,วิชา BIOTECHNOLOGY FOR BETTER LIVING (90642051) เป็นวิชาบังคับหรือวิชาเลือก และมีหน่วยกิตเท่าไร?,"เลือก, หน่วยกิต 3(3-0-6)",ocr159;ocr240,
หมวดศึกษาทั่วไป,วิชา GENES & GENETICS : FROM HELIX TO HEREDITARY (90642052) เป็นวิชาบังคับหรือวิชาเลือก และมีหน่วยกิตเท่าไร?,"เลือก, หน่วยกิต 3(3-0-6)",ocr159,
หมวดศึกษาทั่วไป,วิชา INTERESTING MOLECULAR GENETICS (90642053) เป็นวิชาบังคับหรือวิชาเลือก และมีหน่วยกิตเท่าไร?,"เลือก, หน่วยกิต 3(3-0-6)",ocr160;ocr240,
หมวดศึกษาทั่วไป,วิชา GUARDIANS OF OUR BODIES (90642054) เป็นวิชาบังคับหรือวิชาเลือก และมีหน่วยกิตเท่าไร?,"เลือก, หน่วยกิต 3(3-0-6)",ocr160;ocr240,
หมวดศึกษาทั่วไป,วิชา LIVING WITH MICROBES (90642055) เป็นวิชาบังคับหรือวิชาเลือก และมีหน่วยกิตเท่าไร?,"เลือก, หน่วยกิต 3(3-0-6)",ocr123;ocr160,
หมวดศึกษาทั่วไป,วิชา EPIDEMICS IN THE 21st CENTURY (90642056) เป็นวิชาบังคับหรือวิชาเลือก และมีหน่วยกิตเท่าไร?,"เลือก, หน่วยกิต 3(3-0-6)",ocr123;ocr161;ocr240,
หมวดศึกษาทั่วไป,วิชา IMMUNITY THROUGH MEDIA (90642057) เป็นวิชาบังคับหรือวิชาเลือก และมีหน่วยกิตเท่าไร?,"เลือก, หน่วยกิต 3(3-0-6)",ocr124;ocr161,
หมวดศึกษาทั่วไป,วิชา UNDERSTANDING HEALTH POLICY AND PUBLIC WELFARE (90642058) เป็นวิชาบังคับหรือวิชาเลือก และมีหน่วยกิตเท่าไร?,"เลือก, หน่วยกิต 3(3-0-6)",ocr124;ocr161,
หมวดศึกษาทั่วไป,วิชา MEDICINE AND LITERATURE (90642059) เป็นวิชาบังคับหรือวิชาเลือก และมีหน่วยกิตเท่าไร?,"เลือก, หน่วยกิต 3(3-0-6)",ocr124;ocr162;ocr240,
หมวดศึกษาทั่วไป,วิชา SELF-DISCOVERY (90642060) เป็นวิชาบังคับหรือวิชาเลือก และมีหน่วยกิตเท่าไร?,"เลือก, หน่วยกิต 3(3-0-6)",ocr124,
หมวดศึกษาทั่วไป,วิชา WORLD OF INSECTS (90642061) เป็นวิชาบังคับหรือวิชาเลือก และมีหน่วยกิตเท่าไร?,"เลือก, หน่วยกิต 3(3-0-6)",ocr162;ocr240,
หมวดศึกษาทั่วไป,วิชา ALL ABOUT FOOD (90642062) เป็นวิชาบังคับหรือวิชาเลือก และมีหน่วยกิตเท่าไร?,"เลือก, หน่วยกิต 3(3-0-6)",ocr124;ocr163,
หมวดศึกษาทั่วไป,วิชา HOLISTIC HEALTH DEVELOPMENT (90642063) เป็นวิชาบังคับหรือวิชาเลือก และมีหน่วยกิตเท่าไร?,"เลือก, หน่วยกิต 3(3-0-6)",ocr124;ocr240,
หมวดศึกษาทั่วไป,วิชา E-SPORTS (90642074) เป็นวิชาบังคับหรือวิชาเลือก และมีหน่วยกิตเท่าไร?,"เลือก, หน่วยกิต 3(2-2-5)",ocr163,
หมวดศึกษาทั่วไป,วิชา INTRODUCTION TO MUSIC COMPOSITION (90642080) เป็นวิชาบังคับหรือวิชาเลือก และมีหน่วยกิตเท่าไร?,"เลือก, หน่วยกิต 3(3-0-6)",ocr164,
หมวดศึกษาทั่วไป,วิชา RAP APPRECIATION (90642081) เป็นวิชาบังคับหรือวิชาเลือก และมีหน่วยกิตเท่าไร?,"เลือก, หน่วยกิต 3(3-0-6)",ocr240,
หมวดศึกษาทั่วไป,วิชา MUSIC APPRECIATION (90642082) เป็นวิชาบังคับหรือวิชาเลือก และมีหน่วยกิตเท่าไร?,"เลือก, หน่วยกิต 3(3-0-6)",ocr164,
หมวดศึกษาทั่วไป,วิชา FILM APPRECIATION (90642083) เป็นวิชาบังคับหรือวิชาเลือก และมีหน่วยกิตเท่าไร?,"เลือก, หน่วยกิต 3(3-0-6)",ocr165,
หมวดศึกษาทั่วไป,วิชา PHOTOGRAPHY APPRECIATION (90642084) เป็นวิชาบังคับหรือวิชาเลือก และมีหน่วยกิตเท่าไร?,"เลือก, หน่วยกิต 3(2-2-5)",ocr240,
หมวดศึกษาทั่วไป,วิชา CONTEMPORARY CULTURE (90642085) เป็นวิชาบังคับหรือวิชาเลือก และมีหน่วยกิตเท่าไร?,"เลือก, หน่วยกิต 3(3-0-6)",ocr240,
หมวดศึกษาทั่วไป,วิชา INTRODUCTION TO DESIGN CULTURE (90642086) เป็นวิชาบังคับหรือวิชาเลือก และมีหน่วยกิตเท่าไร?,"เลือก, หน่วยกิต 3(3-0-6)",ocr124;ocr165;ocr240,
หมวดศึกษาทั่วไป,วิชา WORLD CULTURE (90642087) เป็นวิชาบังคับหรือวิชาเลือก และมีหน่วยกิตเท่าไร?,"เลือก, หน่วยกิต 3(3-0-6)",ocr124;ocr240,
หมวดศึกษาทั่วไป,วิชา TRADITIONAL CHINESE CULTURE (90642088) เป็นวิชาบังคับหรือวิชาเลือก และมีหน่วยกิตเท่าไร?,"เลือก, หน่วยกิต 3(3-0-6)",ocr125;ocr240,
หมวดศึกษาทั่วไป,"วิชา CHINESE SOCIETY, ECONOMY AND POLITICS (90642089) เป็นวิชาบังคับหรือวิชาเลือก และมีหน่วยกิตเท่าไร?","เลือก, หน่วยกิต 3(3-0-6)",ocr125;ocr155;ocr166;ocr240,
หมวดศึกษาทั่วไป,วิชา GLOBAL INSIDE (90642090) เป็นวิชาบังคับหรือวิชาเลือก และมีหน่วยกิตเท่าไร?,"เลือก, หน่วยกิต 3(3-0-6)",ocr125;ocr167;ocr241,
หมวดศึกษาทั่วไป,วิชา ASIAN STUDY (90642091) เป็นวิชาบังคับหรือวิชาเลือก และมีหน่วยกิตเท่าไร?,"เลือก, หน่วยกิต 3(3-0-6)",ocr125,
หมวดศึกษาทั่วไป,วิชา CIVIC EDUCATION (90642092) เป็นวิชาบังคับหรือวิชาเลือก และมีหน่วยกิตเท่าไร?,"เลือก, หน่วยกิต 3(3-0-6)",ocr125,
หมวดศึกษาทั่วไป,วิชา COMMUNITY ENGAGEMENT (90642093) เป็นวิชาบังคับหรือวิชาเลือก และมีหน่วยกิตเท่าไร?,"เลือก, หน่วยกิต 3(3-0-6)",ocr125;ocr167;ocr241,
หมวดศึกษาทั่วไป,วิชา PRINCIPLES OF COMMUNITY DEVELOPMENT (90642094) เป็นวิชาบังคับหรือวิชาเลือก และมีหน่วยกิตเท่าไร?,"เลือก, หน่วยกิต 3(3-0-6)",ocr168;ocr241,
หมวดศึกษาทั่วไป,วิชา NATIONAL SECURITY DEVELOPMENT (90642095) เป็นวิชาบังคับหรือวิชาเลือก และมีหน่วยกิตเท่าไร?,"เลือก, หน่วยกิต 3(3-0-6)",ocr241,
หมวดศึกษาทั่วไป,วิชา MILITARY SCIENCE (90642096) เป็นวิชาบังคับหรือวิชาเลือก และมีหน่วยกิตเท่าไร?,"เลือก, หน่วยกิต 3(3-0-6)",ocr125;ocr168;ocr241,
หมวดศึกษาทั่วไป,วิชา APPLIED THAI WISDOMS (90642097) เป็นวิชาบังคับหรือวิชาเลือก และมีหน่วยกิตเท่าไร?,"เลือก, หน่วยกิต 3(3-0-6)",ocr169;ocr241,
หมวดศึกษาทั่วไป,วิชา ACTIVE AGING SOCIETY (90642099) เป็นวิชาบังคับหรือวิชาเลือก และมีหน่วยกิตเท่าไร?,"เลือก, หน่วยกิต 3(3-0-6)",ocr169,
หมวดศึกษาทั่วไป,วิชา YOUTUBER (90642102) เป็นวิชาบังคับหรือวิชาเลือก และมีหน่วยกิตเท่าไร?,"เลือก, หน่วยกิต 3(3-0-6)",ocr241,
หมวดศึกษาทั่วไป,วิชา LIVING IN DIGITAL SOCIETY (90642103) เป็นวิชาบังคับหรือวิชาเลือก และมีหน่วยกิตเท่าไร?,"เลือก, หน่วยกิต 3(3-0-6)",ocr125;ocr170;ocr241,
หมวดศึกษาทั่วไป,วิชา DIGITAL STORYTELLING IN JOURNEY (90642106) เป็นวิชาบังคับหรือวิชาเลือก และมีหน่วยกิตเท่าไร?,"เลือก, หน่วยกิต 3(3-0-6)",ocr125;ocr171;ocr241,
หมวดศึกษาทั่วไป,วิชา DIGITAL MEDIA PRODUCTION (90642107) เป็นวิชาบังคับหรือวิชาเลือก และมีหน่วยกิตเท่าไร?,"เลือก, หน่วยกิต 3(3-0-6)",ocr126;ocr241,
หมวดศึกษาทั่วไป,วิชา DIGITAL PHOTOGRAPHY TECHNOLOGY (90642108) เป็นวิชาบังคับหรือวิชาเลือก และมีหน่วยกิตเท่าไร?,"เลือก, หน่วยกิต 3(2-2-5)",ocr126,
หมวดศึกษาทั่วไป,วิชา INFOGRAPHIC DESIGN (90642109) เป็นวิชาบังคับหรือวิชาเลือก และมีหน่วยกิตเท่าไร?,"เลือก, หน่วยกิต 3(3-0-6)",ocr126;ocr172;ocr241,
หมวดศึกษาทั่วไป,วิชา FUN WITH DATA SCIENCE (90642110) เป็นวิชาบังคับหรือวิชาเลือก และมีหน่วยกิตเท่าไร?,"เลือก, หน่วยกิต 3(3-0-6)",ocr126;ocr172;ocr241,
หมวดศึกษาทั่วไป,วิชา FUN WITH AI (90642112) เป็นวิชาบังคับหรือวิชาเลือก และมีหน่วยกิตเท่าไร?,"เลือก, หน่วยกิต 3(3-0-6)",ocr173;ocr241,
หมวดศึกษาทั่วไป,วิชา ROBOTICS AND AI (90642113) เป็นวิชาบังคับหรือวิชาเลือก และมีหน่วยกิตเท่าไร?,"เลือก, หน่วยกิต 3(3-0-6)",ocr173;ocr241,
หมวดศึกษาทั่วไป,วิชา SMART FARMING (90642114) เป็นวิชาบังคับหรือวิชาเลือก และมีหน่วยกิตเท่าไร?,"เลือก, หน่วยกิต 3(3-0-6)",ocr173;ocr241,
หมวดศึกษาทั่วไป,วิชา GREEN TECHNOLOGY AND ALTERNATIVE ENERGY (90642115) เป็นวิชาบังคับหรือวิชาเลือก และมีหน่วยกิตเท่าไร?,"เลือก, หน่วยกิต 3(3-0-6)",ocr174,
หมวดศึกษาทั่วไป,วิชา SMART CITY AND INNOVATION (90642116) เป็นวิชาบังคับหรือวิชาเลือก และมีหน่วยกิตเท่าไร?,"เลือก, หน่วยกิต 3(3-0-6)",ocr174;ocr241,
หมวดศึกษาทั่วไป,วิชา INFORMATION LITERACY SKILLS FOR THE 21st CENTURY (90642117) เป็นวิชาบังคับหรือวิชาเลือก และมีหน่วยกิตเท่าไร?,"เลือก, หน่วยกิต 3(3-0-6)",ocr241,
หมวดศึกษาทั่วไป,วิชา APPLICATION SOFTWARE FOR BUSSINESS (90642118) เป็นวิชาบังคับหรือวิชาเลือก และมีหน่วยกิตเท่าไร?,"เลือก, หน่วยกิต 2(1-2-3)",ocr175,
หมวดศึกษาทั่วไป,วิชา FROM EXCEL TO EXCELLENT (90642120) เป็นวิชาบังคับหรือวิชาเลือก และมีหน่วยกิตเท่าไร?,"เลือก, หน่วยกิต 3(3-0-6)",ocr242,
หมวดศึกษาทั่วไป,วิชา INTRODUCTION TO MICROCOMPUTER APPLICATION (90642122) เป็นวิชาบังคับหรือวิชาเลือก และมีหน่วยกิตเท่าไร?,"เลือก, หน่วยกิต 3(3-0-6)",ocr126;ocr175;ocr242,
หมวดศึกษาทั่วไป,วิชา TECHNOLOGY IN MUSICAL SEQUENCING (90642123) เป็นวิชาบังคับหรือวิชาเลือก และมีหน่วยกิตเท่าไร?,"เลือก, หน่วยกิต 3(3-0-6)",ocr126;ocr176,
หมวดศึกษาทั่วไป,วิชา SCIENCE TECHNOLOGY AND SCIENCE INNOVATION FOR SDGS (90642124) เป็นวิชาบังคับหรือวิชาเลือก และมีหน่วยกิตเท่าไร?,"เลือก, หน่วยกิต 3(3-0-6)",ocr127;ocr242,
หมวดศึกษาทั่วไป,วิชา LIVING IN FUTURE DISASTER AND CRISIS (90642125) เป็นวิชาบังคับหรือวิชาเลือก และมีหน่วยกิตเท่าไร?,"เลือก, หน่วยกิต 3(3-0-6)",ocr127;ocr176;ocr242,
หมวดศึกษาทั่วไป,วิชา SURVIVORS (90642126) เป็นวิชาบังคับหรือวิชาเลือก และมีหน่วยกิตเท่าไร?,"เลือก, หน่วยกิต 3(3-0-6)",ocr127;ocr175;ocr177,
หมวดศึกษาทั่วไป,วิชา THINK EARTH (90642127) เป็นวิชาบังคับหรือวิชาเลือก และมีหน่วยกิตเท่าไร?,"เลือก, หน่วยกิต 3(3-0-6)",ocr127;ocr242,
หมวดศึกษาทั่วไป,"วิชา ECOLOGY, CONSERVATION AND ENVIRONMENTALISM (90642128) เป็นวิชาบังคับหรือวิชาเลือก และมีหน่วยกิตเท่าไร?","เลือก, หน่วยกิต 3(3-0-6)",ocr127;ocr177,
หมวดศึกษาทั่วไป,วิชา ALTERNATIVE TOURISM (90642129) เป็นวิชาบังคับหรือวิชาเลือก และมีหน่วยกิตเท่าไร?,"เลือก, หน่วยกิต 3(3-0-6)",ocr127;ocr178;ocr242,
หมวดศึกษาทั่วไป,วิชา SPORTS TOURISM (90642130) เป็นวิชาบังคับหรือวิชาเลือก และมีหน่วยกิตเท่าไร?,"เลือก, หน่วยกิต 3(3-0-6)",ocr127;ocr242,
หมวดศึกษาทั่วไป,วิชา THAI CULTURE AND TOURISM (90642131) เป็นวิชาบังคับหรือวิชาเลือก และมีหน่วยกิตเท่าไร?,"เลือก, หน่วยกิต 3(3-0-6)",ocr178,
หมวดศึกษาทั่วไป,วิชา KING MONGKUT'S REIGN STUDY (90642134) เป็นวิชาบังคับหรือวิชาเลือก และมีหน่วยกิตเท่าไร?,"เลือก, หน่วยกิต 3(3-0-6)",ocr179,
หมวดศึกษาทั่วไป,วิชา PHILOSOPHY OF SUFFICIENCY ECONOMY (90642135) เป็นวิชาบังคับหรือวิชาเลือก และมีหน่วยกิตเท่าไร?,"เลือก, หน่วยกิต 3(3-0-6)",ocr180,
หมวดศึกษาทั่วไป,วิชา ETHICS AND AESTHETICS (90642136) เป็นวิชาบังคับหรือวิชาเลือก และมีหน่วยกิตเท่าไร?,"เลือก, หน่วยกิต 3(3-0-6)",ocr180,
หมวดศึกษาทั่วไป,วิชา SERIES IN DAILY LIFE (90642137) เป็นวิชาบังคับหรือวิชาเลือก และมีหน่วยกิตเท่าไร?,"เลือก, หน่วยกิต 3(3-0-6)",ocr188;ocr242,
หมวดศึกษาทั่วไป,วิชา MEDITATION FOR LIFE DEVELOPMENT (90642138) เป็นวิชาบังคับหรือวิชาเลือก และมีหน่วยกิตเท่าไร?,"เลือก, หน่วยกิต 3(3-0-6)",ocr181,
หมวดศึกษาทั่วไป,วิชา IMMUNITY OF MIND (90642140) เป็นวิชาบังคับหรือวิชาเลือก และมีหน่วยกิตเท่าไร?,"เลือก, หน่วยกิต 3(3-0-6)",ocr127;ocr242,
หมวดศึกษาทั่วไป,วิชา PSYCHOLOGY IN COMMUNICATION (90642142) เป็นวิชาบังคับหรือวิชาเลือก และมีหน่วยกิตเท่าไร?,"เลือก, หน่วยกิต 3(3-0-6)",ocr128;ocr242,
หมวดศึกษาทั่วไป,วิชา DESIGNING YOUR LIFE (90642143) เป็นวิชาบังคับหรือวิชาเลือก และมีหน่วยกิตเท่าไร?,"เลือก, หน่วยกิต 3(3-0-6)",ocr128;ocr182,
หมวดศึกษาทั่วไป,วิชา MAGIC MIRROR (90642144) เป็นวิชาบังคับหรือวิชาเลือก และมีหน่วยกิตเท่าไร?,"เลือก, หน่วยกิต 3(3-0-6)",ocr128;ocr242,
หมวดศึกษาทั่วไป,วิชา POWER OF PERSONALITY (90642145) เป็นวิชาบังคับหรือวิชาเลือก และมีหน่วยกิตเท่าไร?,"เลือก, หน่วยกิต 3(3-0-6)",ocr128,
หมวดศึกษาทั่วไป,วิชา POWER OF CHANGE (90642146) เป็นวิชาบังคับหรือวิชาเลือก และมีหน่วยกิตเท่าไร?,"เลือก, หน่วยกิต 3(3-0-6)",ocr128;ocr182;ocr242,
หมวดศึกษาทั่วไป,วิชา HAPPINESS SKILLS (90642147) เป็นวิชาบังคับหรือวิชาเลือก และมีหน่วยกิตเท่าไร?,"เลือก, หน่วยกิต 3(3-0-6)",ocr128;ocr183;ocr242,
หมวดศึกษาทั่วไป,วิชา ARTS OF EMOTION DEVELOPMENT (90642148) เป็นวิชาบังคับหรือวิชาเลือก และมีหน่วยกิตเท่าไร?,"เลือก, หน่วยกิต 3(3-0-6)",ocr183;ocr243,
หมวดศึกษาทั่วไป,วิชา IMAGINATIVE ART (90642149) เป็นวิชาบังคับหรือวิชาเลือก และมีหน่วยกิตเท่าไร?,"เลือก, หน่วยกิต 3(3-0-6)",ocr128;ocr183;ocr243,
หมวดศึกษาทั่วไป,วิชา ART IN EVERYDAY LIFE (90642150) เป็นวิชาบังคับหรือวิชาเลือก และมีหน่วยกิตเท่าไร?,"เลือก, หน่วยกิต 3(3-0-6)",ocr184;ocr243,
หมวดศึกษาทั่วไป,วิชา MAN AND ART (90642151) เป็นวิชาบังคับหรือวิชาเลือก และมีหน่วยกิตเท่าไร?,"เลือก, หน่วยกิต 3(3-0-6)",ocr243,
หมวดศึกษาทั่วไป,วิชา JOY OF SHARING (90642152) เป็นวิชาบังคับหรือวิชาเลือก และมีหน่วยกิตเท่าไร?,"เลือก, หน่วยกิต 3(3-0-6)",ocr184;ocr243,
หมวดศึกษาทั่วไป,วิชา UNDERSTANDING HUMAN BEHAVIOR (90642153) เป็นวิชาบังคับหรือวิชาเลือก และมีหน่วยกิตเท่าไร?,"เลือก, หน่วยกิต 3(3-0-6)",ocr243,
หมวดศึกษาทั่วไป,วิชา FAIL-ABLE (90642154) เป็นวิชาบังคับหรือวิชาเลือก และมีหน่วยกิตเท่าไร?,"เลือก, หน่วยกิต 3(3-0-6)",ocr243,
หมวดศึกษาทั่วไป,วิชา FENG SHUI (90642156) เป็นวิชาบังคับหรือวิชาเลือก และมีหน่วยกิตเท่าไร?,"เลือก, หน่วยกิต 3(3-0-6)",ocr185;ocr243,
หมวดศึกษาทั่วไป,วิชา THAI ASTROLOGY (90642157) เป็นวิชาบังคับหรือวิชาเลือก และมีหน่วยกิตเท่าไร?,"เลือก, หน่วยกิต 3(3-0-6)",ocr128;ocr186;ocr243,
หมวดศึกษาทั่วไป,วิชา COMTEMPORARY SCIENCE AND TECHNOLOGY (90642158) เป็นวิชาบังคับหรือวิชาเลือก และมีหน่วยกิตเท่าไร?,"เลือก, หน่วยกิต 3(3-0-6)",ocr128,
หมวดศึกษาทั่วไป,วิชา INTRODUCTION TO PSYCHOLOGY (90642159) เป็นวิชาบังคับหรือวิชาเลือก และมีหน่วยกิตเท่าไร?,"เลือก, หน่วยกิต 3(3-0-6)",ocr129;ocr186;ocr243,
หมวดศึกษาทั่วไป,วิชา PRACTICE UNDER MANAGEMENT SKILL 1 (90643001) เป็นวิชาบังคับหรือวิชาเลือก และมีหน่วยกิตเท่าไร?,"เลือก, หน่วยกิต 1(0-2-1)",ocr196;ocr244,
หมวดศึกษาทั่วไป,วิชา PRACTICE UNDER MANAGEMENT SKILL 2 (90643002) เป็นวิชาบังคับหรือวิชาเลือก และมีหน่วยกิตเท่าไร?,"เลือก, หน่วยกิต 2(0-4-2)",ocr131;ocr197,
หมวดศึกษาทั่วไป,วิชา THE DISRUPTOR (90643005) เป็นวิชาบังคับหรือวิชาเลือก และมีหน่วยกิตเท่าไร?,"เลือก, หน่วยกิต 3(3-0-6)",ocr197;ocr245,
หมวดศึกษาทั่วไป,วิชา MODERN MANAGEMENT AND LEADERSHIP (90643006) เป็นวิชาบังคับหรือวิชาเลือก และมีหน่วยกิตเท่าไร?,"เลือก, หน่วยกิต 3(3-0-6)",ocr198,
หมวดศึกษาทั่วไป,วิชา NEXT GEN LEADERSHIP (90643007) เป็นวิชาบังคับหรือวิชาเลือก และมีหน่วยกิตเท่าไร?,"เลือก, หน่วยกิต 3(3-0-6)",ocr245,
หมวดศึกษาทั่วไป,วิชา SCIENCE OF NEGOTIATION (90643008) เป็นวิชาบังคับหรือวิชาเลือก และมีหน่วยกิตเท่าไร?,"เลือก, หน่วยกิต 3(3-0-6)",ocr245,
หมวดศึกษาทั่วไป,วิชา CONTEMPORARY MARKETING (90643010) เป็นวิชาบังคับหรือวิชาเลือก และมีหน่วยกิตเท่าไร?,"เลือก, หน่วยกิต 3(3-0-6)",ocr131;ocr199;ocr245,
หมวดศึกษาทั่วไป,วิชา TEAMWORK (90643012) เป็นวิชาบังคับหรือวิชาเลือก และมีหน่วยกิตเท่าไร?,"เลือก, หน่วยกิต 3(3-0-6)",ocr245;ocr246,
หมวดศึกษาทั่วไป,วิชา INDUSTRIAL MANAGEMENT (90643013) เป็นวิชาบังคับหรือวิชาเลือก และมีหน่วยกิตเท่าไร?,"เลือก, หน่วยกิต 3(3-0-6)",ocr199,
หมวดศึกษาทั่วไป,วิชา GENERAL BUSINESS (90643014) เป็นวิชาบังคับหรือวิชาเลือก และมีหน่วยกิตเท่าไร?,"เลือก, หน่วยกิต 3(3-0-6)",ocr131;ocr245,
หมวดศึกษาทั่วไป,วิชา BUSINESS ACCOUNTING FOR NEW GEN (90643015) เป็นวิชาบังคับหรือวิชาเลือก และมีหน่วยกิตเท่าไร?,"เลือก, หน่วยกิต 3(3-0-6)",ocr132;ocr245,
หมวดศึกษาทั่วไป,วิชา FUN WITH ONLINE BUSINESS (90643016) เป็นวิชาบังคับหรือวิชาเลือก และมีหน่วยกิตเท่าไร?,"เลือก, หน่วยกิต 3(3-0-6)",ocr132;ocr245,
หมวดศึกษาทั่วไป,วิชา INTERNATIONAL BUSINESS (90643018) เป็นวิชาบังคับหรือวิชาเลือก และมีหน่วยกิตเท่าไร?,"เลือก, หน่วยกิต 3(3-0-6)",ocr132;ocr201;ocr245,
หมวดศึกษาทั่วไป,วิชา ECONOMICS AND ENTREPRENEURSHIP (90643019) เป็นวิชาบังคับหรือวิชาเลือก และมีหน่วยกิตเท่าไร?,"เลือก, หน่วยกิต 3(3-0-6)",ocr132,
หมวดศึกษาทั่วไป,วิชา INNOVATIVE ENTREPRENEURS (90643020) เป็นวิชาบังคับหรือวิชาเลือก และมีหน่วยกิตเท่าไร?,"เลือก, หน่วยกิต 3(3-0-6)",ocr201;ocr245,
หมวดศึกษาทั่วไป,วิชา MODERN ENTREPRENEURS (90643021) เป็นวิชาบังคับหรือวิชาเลือก และมีหน่วยกิตเท่าไร?,"เลือก, หน่วยกิต 3(3-0-6)",ocr202,
หมวดศึกษาทั่วไป,วิชา SOCIAL ENTREPRENEURS (90643022) เป็นวิชาบังคับหรือวิชาเลือก และมีหน่วยกิตเท่าไร?,"เลือก, หน่วยกิต 3(3-0-6)",ocr132,
หมวดศึกษาทั่วไป,วิชา HAPPINESS FARMS (90643024) เป็นวิชาบังคับหรือวิชาเลือก และมีหน่วยกิตเท่าไร?,"เลือก, หน่วยกิต 3(3-0-6)",ocr132,
หมวดศึกษาทั่วไป,วิชา ROAD TO IPO (90643025) เป็นวิชาบังคับหรือวิชาเลือก และมีหน่วยกิตเท่าไร?,"เลือก, หน่วยกิต 3(3-0-6)",ocr203,
หมวดศึกษาทั่วไป,วิชา INVESTMENT PLANNING (90643026) เป็นวิชาบังคับหรือวิชาเลือก และมีหน่วยกิตเท่าไร?,"เลือก, หน่วยกิต 3(3-0-6)",ocr203;ocr245,
หมวดศึกษาทั่วไป,"วิชา MAN, MONEY AND MATH (90643027) เป็นวิชาบังคับหรือวิชาเลือก และมีหน่วยกิตเท่าไร?","เลือก, หน่วยกิต 3(3-0-6)",ocr204,
หมวดศึกษาทั่วไป,วิชา DIGITAL ECONOMY (90643029) เป็นวิชาบังคับหรือวิชาเลือก และมีหน่วยกิตเท่าไร?,"เลือก, หน่วยกิต 3(3-0-6)",ocr204;ocr245,
หมวดศึกษาทั่วไป,วิชา GENERAL ECONOMICS AND PROJECT FEASIBILITY STUDY (90643030) เป็นวิชาบังคับหรือวิชาเลือก และมีหน่วยกิตเท่าไร?,"เลือก, หน่วยกิต 3(3-0-6)",ocr132;ocr205;ocr245,
หมวดศึกษาทั่วไป,วิชา CIRCULAR ECONOMIC LIFESTYLE FOR 21st CENTURY (90643031) เป็นวิชาบังคับหรือวิชาเลือก และมีหน่วยกิตเท่าไร?,"เลือก, หน่วยกิต 3(3-0-6)",ocr132;ocr246,
หมวดศึกษาทั่วไป,วิชา BCG ECONOMY IN ACTION (90643032) เป็นวิชาบังคับหรือวิชาเลือก และมีหน่วยกิตเท่าไร?,"เลือก, หน่วยกิต 3(3-0-6)",ocr133;ocr199;ocr206;ocr246,
หมวดศึกษาทั่วไป,วิชา MANAGEMENT AND CREATIVITY (90643034) เป็นวิชาบังคับหรือวิชาเลือก และมีหน่วยกิตเท่าไร?,"เลือก, หน่วยกิต 3(3-0-6)",ocr133;ocr246,
หมวดศึกษาทั่วไป,วิชา KNOWLEDGE MANAGEMENT FOR INNOVATION DEVELOPMENT (90643035) เป็นวิชาบังคับหรือวิชาเลือก และมีหน่วยกิตเท่าไร?,"เลือก, หน่วยกิต 3(3-0-6)",ocr133;ocr206,
หมวดศึกษาทั่วไป,วิชา KNOWLEDGE MANAGEMENT FOR PROJECT MANAGEMENT (90643036) เป็นวิชาบังคับหรือวิชาเลือก และมีหน่วยกิตเท่าไร?,"เลือก, หน่วยกิต 3(3-0-6)",ocr133;ocr207,
หมวดศึกษาทั่วไป,วิชา PUBLIC ADMINISTRATION AND PUBLIC POLICY IN THE 21st CENTURY (90643037) เป็นวิชาบังคับหรือวิชาเลือก และมีหน่วยกิตเท่าไร?,"เลือก, หน่วยกิต 3(3-0-6)",ocr207;ocr246,
หมวดศึกษาทั่วไป,วิชา REBRANDING (90643038) เป็นวิชาบังคับหรือวิชาเลือก และมีหน่วยกิตเท่าไร?,"เลือก, หน่วยกิต 3(3-0-6)",ocr208;ocr246,
หมวดศึกษาทั่วไป,วิชา PRACTICE UNDER LANGUAGE AND COMMUNICATION SKILLS 1 (90644001) เป็นวิชาบังคับหรือวิชาเลือก และมีหน่วยกิตเท่าไร?,"เลือก, หน่วยกิต 1(0-2-1)",ocr133,
หมวดศึกษาทั่วไป,วิชา PRACTICE UNDER LANGUAGE AND COMMUNICATION SKILLS 2 (90644002) เป็นวิชาบังคับหรือวิชาเลือก และมีหน่วยกิตเท่าไร?,"เลือก, หน่วยกิต 2(0-4-2)",ocr133;ocr211;ocr246,
หมวดศึกษาทั่วไป,วิชา PRACTICE UNDER LANGUAGE AND COMMUNICATION SKILLS 3 (90644003) เป็นวิชาบังคับหรือวิชาเลือก และมีหน่วยกิตเท่าไร?,"เลือก, หน่วยกิต 3(0-6-3)",ocr134;ocr211;ocr246,
หมวดศึกษาทั่วไป,วิชา BASIC ENGLISH PRONUNCIATION (90644009) เป็นวิชาบังคับหรือวิชาเลือก และมีหน่วยกิตเท่าไร?,"เลือก, หน่วยกิต 3(3-0-6)",ocr134,
หมวดศึกษาทั่วไป,วิชา DEVELOPMENT OF READING AND WRITING SKILLS IN ENGLISH (90644010) เป็นวิชาบังคับหรือวิชาเลือก และมีหน่วยกิตเท่าไร?,"เลือก, หน่วยกิต 3(3-0-6)",ocr134,
หมวดศึกษาทั่วไป,วิชา ENGLISH FOR ACADEMIC PURPOSES (90644011) เป็นวิชาบังคับหรือวิชาเลือก และมีหน่วยกิตเท่าไร?,"เลือก, หน่วยกิต 3(3-0-6)",ocr134;ocr212;ocr246,
หมวดศึกษาทั่วไป,วิชา ENGLISH FOR COMMUNICATION (90644012) เป็นวิชาบังคับหรือวิชาเลือก และมีหน่วยกิตเท่าไร?,"เลือก, หน่วยกิต 3(3-0-6)",ocr212,
หมวดศึกษาทั่วไป,วิชา ENGLISH FOR COMMUNICATIVE WRITING (90644013) เป็นวิชาบังคับหรือวิชาเลือก และมีหน่วยกิตเท่าไร?,"เลือก, หน่วยกิต 3(3-0-6)",ocr134;ocr246,
หมวดศึกษาทั่วไป,วิชา ENGLISH FOR PROFESSIONAL COMMUNICATION (90644014) เป็นวิชาบังคับหรือวิชาเลือก และมีหน่วยกิตเท่าไร?,"เลือก, หน่วยกิต 3(3-0-6)",ocr212,
หมวดศึกษาทั่วไป,วิชา ENGLISH FOR FURTHER STUDIES (90644015) เป็นวิชาบังคับหรือวิชาเลือก และมีหน่วยกิตเท่าไร?,"เลือก, หน่วยกิต 3(3-0-6)",ocr213,
หมวดศึกษาทั่วไป,วิชา ENGLISH FOR INDUSTRY (90644016) เป็นวิชาบังคับหรือวิชาเลือก และมีหน่วยกิตเท่าไร?,"เลือก, หน่วยกิต 3(3-0-6)",ocr246,
หมวดศึกษาทั่วไป,วิชา ENGLISH FOR BUSINESS (90644017) เป็นวิชาบังคับหรือวิชาเลือก และมีหน่วยกิตเท่าไร?,"เลือก, หน่วยกิต 3(3-0-6)",ocr247,
หมวดศึกษาทั่วไป,วิชา ENGLISH FOR MARKETING (90644018) เป็นวิชาบังคับหรือวิชาเลือก และมีหน่วยกิตเท่าไร?,"เลือก, หน่วยกิต 3(3-0-6)",ocr214;ocr247,
หมวดศึกษาทั่วไป,วิชา ENGLISH FOR MANAGEMENT (90644019) เป็นวิชาบังคับหรือวิชาเลือก และมีหน่วยกิตเท่าไร?,"เลือก, หน่วยกิต 3(3-0-6)",ocr121,
หมวดศึกษาทั่วไป,วิชา ENGLISH FOR MADIA (90644020) เป็นวิชาบังคับหรือวิชาเลือก และมีหน่วยกิตเท่าไร?,"เลือก, หน่วยกิต 3(3-0-6)",ocr134,
หมวดศึกษาทั่วไป,วิชา ENGLISH FOR PROFESSIONAL PURPOSES (90644022) เป็นวิชาบังคับหรือวิชาเลือก และมีหน่วยกิตเท่าไร?,"เลือก, หน่วยกิต 3(3-0-6)",ocr214;ocr247,
หมวดศึกษาทั่วไป,วิชา ENGLISH FOR WORK PREPATION (90644023) เป็นวิชาบังคับหรือวิชาเลือก และมีหน่วยกิตเท่าไร?,"เลือก, หน่วยกิต 3(3-0-6)",ocr134;ocr215,
หมวดศึกษาทั่วไป,วิชา ENGLISH FOR TOURISM AND TRAVELLING (90644024) เป็นวิชาบังคับหรือวิชาเลือก และมีหน่วยกิตเท่าไร?,"เลือก, หน่วยกิต 3(3-0-6)",ocr134,
หมวดศึกษาทั่วไป,วิชา ENGLISH FOR ARCHITECTURAL ARTS & DESIGN COMMUNICATION (90644025) เป็นวิชาบังคับหรือวิชาเลือก และมีหน่วยกิตเท่าไร?,"เลือก, หน่วยกิต 3(3-0-6)",ocr135;ocr215;ocr247,
หมวดศึกษาทั่วไป,วิชา ENGLISH FOR ARCHITECTURAL ARTS & DESIGN PRESENTATION (90644026) เป็นวิชาบังคับหรือวิชาเลือก และมีหน่วยกิตเท่าไร?,"เลือก, หน่วยกิต 3(3-0-6)",ocr135;ocr136;ocr216;ocr247,
หมวดศึกษาทั่วไป,วิชา ENGLISH FOR NARRATIVE WRITING (90644027) เป็นวิชาบังคับหรือวิชาเลือก และมีหน่วยกิตเท่าไร?,"เลือก, หน่วยกิต 3(3-0-6)",ocr135;ocr216;ocr247,
หมวดศึกษาทั่วไป,วิชา ENGLISH FOR DESIGN (90644028) เป็นวิชาบังคับหรือวิชาเลือก และมีหน่วยกิตเท่าไร?,"เลือก, หน่วยกิต 3(3-0-6)",ocr132;ocr135;ocr216;ocr247,
หมวดศึกษาทั่วไป,วิชา ENGLISH FOR HEALTH PROFESSIONS (90644029) เป็นวิชาบังคับหรือวิชาเลือก และมีหน่วยกิตเท่าไร?,"เลือก, หน่วยกิต 3(2-2-5)",ocr217;ocr247,
หมวดศึกษาทั่วไป,วิชา ENGLISH FOR PUBLIC RELATIONS (90644030) เป็นวิชาบังคับหรือวิชาเลือก และมีหน่วยกิตเท่าไร?,"เลือก, หน่วยกิต 3(3-0-6)",ocr135;ocr217;ocr247,
หมวดศึกษาทั่วไป,วิชา ENGLISH FOR SCIENCE AND TECHNOLOGY (90644031) เป็นวิชาบังคับหรือวิชาเลือก และมีหน่วยกิตเท่าไร?,"เลือก, หน่วยกิต 3(3-0-6)",ocr135;ocr247,
หมวดศึกษาทั่วไป,วิชา ENGLISH FOR AVIATION (90644032) เป็นวิชาบังคับหรือวิชาเลือก และมีหน่วยกิตเท่าไร?,"เลือก, หน่วยกิต 3(3-0-6)",ocr135;ocr217;ocr247,
หมวดศึกษาทั่วไป,วิชา WRITING AND SPEAKING IN THE PROFESSIONS (90644033) เป็นวิชาบังคับหรือวิชาเลือก และมีหน่วยกิตเท่าไร?,"เลือก, หน่วยกิต 3(3-0-6)",ocr218;ocr247,
หมวดศึกษาทั่วไป,วิชา ENLISH SKILL DEVELOPMENT FOR LIFE-LONG LEARNING (90644036) เป็นวิชาบังคับหรือวิชาเลือก และมีหน่วยกิตเท่าไร?,"เลือก, หน่วยกิต 3(3-0-6)",ocr219;ocr247,
หมวดศึกษาทั่วไป,วิชา CROSS CULTURAL COMMUNICATION (90644037) เป็นวิชาบังคับหรือวิชาเลือก และมีหน่วยกิตเท่าไร?,"เลือก, หน่วยกิต 3(3-0-6)",ocr135;ocr219;ocr247,
หมวดศึกษาทั่วไป,วิชา COMMUNICATION SKILLS THROUGH DEBATE (90644039) เป็นวิชาบังคับหรือวิชาเลือก และมีหน่วยกิตเท่าไร?,"เลือก, หน่วยกิต 3(3-0-6)",ocr219;ocr247,
หมวดศึกษาทั่วไป,วิชา COMMUNICATION SKILLS THROUGH DRAMA (90644040) เป็นวิชาบังคับหรือวิชาเลือก และมีหน่วยกิตเท่าไร?,"เลือก, หน่วยกิต 3(3-0-6)",ocr220,
หมวดศึกษาทั่วไป,วิชา ENGLISH FROM ENTERTAINMENT MEDIA (90644041) เป็นวิชาบังคับหรือวิชาเลือก และมีหน่วยกิตเท่าไร?,"เลือก, หน่วยกิต 3(3-0-6)",ocr135;ocr220;ocr247,
หมวดศึกษาทั่วไป,วิชา PROFESSIONAL COMMUNICATION AND PRESENTATION (90644042) เป็นวิชาบังคับหรือวิชาเลือก และมีหน่วยกิตเท่าไร?,"เลือก, หน่วยกิต 3(3-0-6)",ocr136,
หมวดศึกษาทั่วไป,วิชา PUBLIC SPEAKING (90644043) เป็นวิชาบังคับหรือวิชาเลือก และมีหน่วยกิตเท่าไร?,"เลือก, หน่วยกิต 3(3-0-6)",ocr136;ocr220;ocr247,
หมวดศึกษาทั่วไป,วิชา BEST SPEECH (90644044) เป็นวิชาบังคับหรือวิชาเลือก และมีหน่วยกิตเท่าไร?,"เลือก, หน่วยกิต 3(3-0-6)",ocr136;ocr221;ocr247,
หมวดศึกษาทั่วไป,วิชา RESEARCH PAPER WRITING (90644045) เป็นวิชาบังคับหรือวิชาเลือก และมีหน่วยกิตเท่าไร?,"เลือก, หน่วยกิต 3(3-0-6)",ocr136;ocr221;ocr248,
หมวดศึกษาทั่วไป,วิชา DEVELOPMENT OF THAI CREATIVE WRITING SKILLS (90644047) เป็นวิชาบังคับหรือวิชาเลือก และมีหน่วยกิตเท่าไร?,"เลือก, หน่วยกิต 3(3-0-6)",ocr136;ocr222;ocr248,
หมวดศึกษาทั่วไป,วิชา THAI LANGUAGE FOR CREATIVITY (90644049) เป็นวิชาบังคับหรือวิชาเลือก และมีหน่วยกิตเท่าไร?,"เลือก, หน่วยกิต 3(3-0-6)",ocr222;ocr248,
หมวดศึกษาทั่วไป,วิชา THAI WRITING IN WORKPLACE (90644050) เป็นวิชาบังคับหรือวิชาเลือก และมีหน่วยกิตเท่าไร?,"เลือก, หน่วยกิต 3(3-0-6)",ocr135;ocr222,
หมวดศึกษาทั่วไป,วิชา THAI FOR DENTAL PROFESSIONS (90644051) เป็นวิชาบังคับหรือวิชาเลือก และมีหน่วยกิตเท่าไร?,"เลือก, หน่วยกิต 3(3-0-6)",ocr223;ocr248,
หมวดศึกษาทั่วไป,วิชา FUNDAMENTAL CHINESE FOR LISTENING AND SPEAKING (90644053) เป็นวิชาบังคับหรือวิชาเลือก และมีหน่วยกิตเท่าไร?,"เลือก, หน่วยกิต 3(3-0-6)",ocr223;ocr248,
หมวดศึกษาทั่วไป,วิชา FUNDAMENTAL CHINESE READING AND WRITING (90644054) เป็นวิชาบังคับหรือวิชาเลือก และมีหน่วยกิตเท่าไร?,"เลือก, หน่วยกิต 3(3-0-6)",ocr136;ocr224;ocr248,
หมวดศึกษาทั่วไป,วิชา BASIC CHINESE GRAMMAR AND CHINESE IDIOMS AND PROVERBS (90644055) เป็นวิชาบังคับหรือวิชาเลือก และมีหน่วยกิตเท่าไร?,"เลือก, หน่วยกิต 3(3-0-6)",ocr224;ocr248,
หมวดศึกษาทั่วไป,วิชา CHINESE CULTURE IDIOMS AND PROVERBS (90644056) เป็นวิชาบังคับหรือวิชาเลือก และมีหน่วยกิตเท่าไร?,"เลือก, หน่วยกิต 3(3-0-6)",ocr224;ocr248,
หมวดศึกษาทั่วไป,วิชา CHINESE FOR COMMUNUCATION (90644057) เป็นวิชาบังคับหรือวิชาเลือก และมีหน่วยกิตเท่าไร?,"เลือก, หน่วยกิต 3(3-0-6)",ocr136;ocr224;ocr248,
หมวดศึกษาทั่วไป,วิชา CHINESE FANDOM (90644058) เป็นวิชาบังคับหรือวิชาเลือก และมีหน่วยกิตเท่าไร?,"เลือก, หน่วยกิต 3(3-0-6)",ocr137;ocr225;ocr248,
หมวดศึกษาทั่วไป,วิชา CHINESE FOR TRAVEL (90644059) เป็นวิชาบังคับหรือวิชาเลือก และมีหน่วยกิตเท่าไร?,"เลือก, หน่วยกิต 3(3-0-6)",ocr137;ocr248,
หมวดศึกษาทั่วไป,วิชา GERMAN FOR COMMUNUCATION (90644060) เป็นวิชาบังคับหรือวิชาเลือก และมีหน่วยกิตเท่าไร?,"เลือก, หน่วยกิต 3(3-0-6)",ocr137;ocr248,
หมวดศึกษาทั่วไป,วิชา GERMAN FOR WORK AND BUSINESS (90644061) เป็นวิชาบังคับหรือวิชาเลือก และมีหน่วยกิตเท่าไร?,"เลือก, หน่วยกิต 3(3-0-6)",ocr137;ocr226,
หมวดศึกษาทั่วไป,วิชา JAPANESE FOR COMMUNICATION (90644062) เป็นวิชาบังคับหรือวิชาเลือก และมีหน่วยกิตเท่าไร?,"เลือก, หน่วยกิต 3(3-0-6)",ocr137,
หมวดศึกษาทั่วไป,วิชา JAPANESE FOR TRAVEL (90644063) เป็นวิชาบังคับหรือวิชาเลือก และมีหน่วยกิตเท่าไร?,"เลือก, หน่วยกิต 3(3-0-6)",ocr137;ocr248,
หมวดศึกษาทั่วไป,วิชา KOREAN FOR TRAVEL (90644064) เป็นวิชาบังคับหรือวิชาเลือก และมีหน่วยกิตเท่าไร?,"เลือก, หน่วยกิต 3(3-0-6)",ocr137;ocr226,
หมวดศึกษาทั่วไป,วิชา VIETNAMESE FOR TRAVEL (90644065) เป็นวิชาบังคับหรือวิชาเลือก และมีหน่วยกิตเท่าไร?,"เลือก, หน่วยกิต 3(3-0-6)",ocr227;ocr248,
หมวดศึกษาทั่วไป,วิชา CHARM SCHOOL (90641001) เป็นวิชาบังคับหรือวิชาเลือก และมีหน่วยกิตเท่าไร?,"เลือก, หน่วยกิต 2(1-2-3)",14;121;123;149;232;260;350,
หมวดศึกษาทั่วไป,วิชา DIGITAL INTELLIGENCE QUOTIENT (90641002) เป็นวิชาบังคับหรือวิชาเลือก และมีหน่วยกิตเท่าไร?,"เลือก, หน่วยกิต 3(3-0-6)",14;121;123;149;232;260;350,
หมวดศึกษาทั่วไป,วิชา SPORTS AND RECREATIONAL ACTIVITIES (90641003) เป็นวิชาบังคับหรือวิชาเลือก และมีหน่วยกิตเท่าไร?,"เลือก, หน่วยกิต 1(0-3-2)",14;121;123;149;232;260;350,
หมวดศึกษาทั่วไป,วิชา PRACTICE UNDER PERSONAL AND PROFESSIONAL SKILLS 1 (90642001) เป็นวิชาบังคับหรือวิชาเลือก และมีหน่วยกิตเท่าไร?,"เลือก, หน่วยกิต 1(0-2-1)",123;150;260,
หมวดศึกษาทั่วไป,วิชา PRACTICE UNDER PERSONAL AND PROFESSIONAL SKILLS 2 (90642002) เป็นวิชาบังคับหรือวิชาเลือก และมีหน่วยกิตเท่าไร?,"เลือก, หน่วยกิต 2(0-4-2)",123;150;260,
หมวดศึกษาทั่วไป,วิชา PRACTICE UNDER PERSONAL AND PROFESSIONAL SKILLS 3 (90642003) เป็นวิชาบังคับหรือวิชาเลือก และมีหน่วยกิตเท่าไร?,"เลือก, หน่วยกิต 3(0-6-3)",123;150;260,
หมวดศึกษาทั่วไป,วิชา ANALYTICAL THINKING (90642004) เป็นวิชาบังคับหรือวิชาเลือก และมีหน่วยกิตเท่าไร?,"เลือก, หน่วยกิต 1(1-0-2)",123;150;260,
หมวดศึกษาทั่วไป,วิชา CREATIVE THINKING (90642005) เป็นวิชาบังคับหรือวิชาเลือก และมีหน่วยกิตเท่าไร?,"เลือก, หน่วยกิต 1(1-0-2)",123;151;260,
หมวดศึกษาทั่วไป,วิชา INNOVATIVE THINKING (90642006) เป็นวิชาบังคับหรือวิชาเลือก และมีหน่วยกิตเท่าไร?,"เลือก, หน่วยกิต 1(1-0-2)",123;151;260,
หมวดศึกษาทั่วไป,วิชา POSITIVE THINKING (90642007) เป็นวิชาบังคับหรือวิชาเลือก และมีหน่วยกิตเท่าไร?,"เลือก, หน่วยกิต 1(1-0-2)",123;151;260,
หมวดศึกษาทั่วไป,วิชา PROBLEM SOLVING (90642008) เป็นวิชาบังคับหรือวิชาเลือก และมีหน่วยกิตเท่าไร?,"เลือก, หน่วยกิต 1(1-0-2)",123;151,
หมวดศึกษาทั่วไป,วิชา STRATEGIC THINKING (90642009) เป็นวิชาบังคับหรือวิชาเลือก และมีหน่วยกิตเท่าไร?,"เลือก, หน่วยกิต 1(1-0-2)",123;152,
หมวดศึกษาทั่วไป,วิชา SYSTEM THINKING (90642010) เป็นวิชาบังคับหรือวิชาเลือก และมีหน่วยกิตเท่าไร?,"เลือก, หน่วยกิต 1(1-0-2)",123;152;260,
หมวดศึกษาทั่วไป,วิชา CRITICAL THINKING (90642011) เป็นวิชาบังคับหรือวิชาเลือก และมีหน่วยกิตเท่าไร?,"เลือก, หน่วยกิต 3(3-0-6)",123;152,
หมวดศึกษาทั่วไป,วิชา DESIGN THINKING (90642012) เป็นวิชาบังคับหรือวิชาเลือก และมีหน่วยกิตเท่าไร?,"เลือก, หน่วยกิต 3(3-0-6)",123;152;256;257;261,
หมวดศึกษาทั่วไป,วิชา INTEGRATED THINKING (90642013) เป็นวิชาบังคับหรือวิชาเลือก และมีหน่วยกิตเท่าไร?,"เลือก, หน่วยกิต 3(3-0-6)",123;153;254;258;261,
หมวดศึกษาทั่วไป,วิชา INNOVATIVE AND SYSTEM THINKING (90642014) เป็นวิชาบังคับหรือวิชาเลือก และมีหน่วยกิตเท่าไร?,"เลือก, หน่วยกิต 3(3-0-6)",123;153;261,
หมวดศึกษาทั่วไป,วิชา CREATIVE THINKING AND INNOVATION (90642015) เป็นวิชาบังคับหรือวิชาเลือก และมีหน่วยกิตเท่าไร?,"เลือก, หน่วยกิต 3(3-0-6)",124;153;255;261,
หมวดศึกษาทั่วไป,วิชา DESIGN METHODS FOR INNOVATION (90642016) เป็นวิชาบังคับหรือวิชาเลือก และมีหน่วยกิตเท่าไร?,"เลือก, หน่วยกิต 4(4-0-8)",124;154;261,
หมวดศึกษาทั่วไป,วิชา INNOVATION UNBOXED (90642017) เป็นวิชาบังคับหรือวิชาเลือก และมีหน่วยกิตเท่าไร?,"เลือก, หน่วยกิต 3(3-0-6)",124;154;253;261,
หมวดศึกษาทั่วไป,วิชา CREATIVE PRODUCTION TECHNOLOGY (90642018) เป็นวิชาบังคับหรือวิชาเลือก และมีหน่วยกิตเท่าไร?,"เลือก, หน่วยกิต 3(3-0-6)",124;154;254;261,
หมวดศึกษาทั่วไป,วิชา BASIC CREATIVE STEM DESIGN (90642019) เป็นวิชาบังคับหรือวิชาเลือก และมีหน่วยกิตเท่าไร?,"เลือก, หน่วยกิต 3(3-0-6)",124;155;261,
หมวดศึกษาทั่วไป,วิชา ADVANCE CREATIVE STEM DESIGN (90642020) เป็นวิชาบังคับหรือวิชาเลือก และมีหน่วยกิตเท่าไร?,"เลือก, หน่วยกิต 3(3-0-6)",124;155;261,
หมวดศึกษาทั่วไป,วิชา JUNK DESIGN (90642021) เป็นวิชาบังคับหรือวิชาเลือก และมีหน่วยกิตเท่าไร?,"เลือก, หน่วยกิต 3(3-0-6)",124;155;261,
หมวดศึกษาทั่วไป,วิชา PHILOSOPHY OF SCIENCE (90642022) เป็นวิชาบังคับหรือวิชาเลือก และมีหน่วยกิตเท่าไร?,"เลือก, หน่วยกิต 3(3-0-6)",124;156,
หมวดศึกษาทั่วไป,วิชา EMERGING TRENDS IN ENGINEERING (90642023) เป็นวิชาบังคับหรือวิชาเลือก และมีหน่วยกิตเท่าไร?,"เลือก, หน่วยกิต 1(1-0-2)",124;156;234;261,
หมวดศึกษาทั่วไป,วิชา PROFESSIONAL INFORMATION ANALYSIS AND ACADEMIC PRESENTATION (90642024) เป็นวิชาบังคับหรือวิชาเลือก และมีหน่วยกิตเท่าไร?,"เลือก, หน่วยกิต 3(3-0-6)",124;156;234;255;261,
หมวดศึกษาทั่วไป,วิชา FATCS BEHIND NUMBERS (90642025) เป็นวิชาบังคับหรือวิชาเลือก และมีหน่วยกิตเท่าไร?,"เลือก, หน่วยกิต 3(3-0-6)",124;157;261,
หมวดศึกษาทั่วไป,วิชา RESEARCH SKILL DEVELOPMENT (90642026) เป็นวิชาบังคับหรือวิชาเลือก และมีหน่วยกิตเท่าไร?,"เลือก, หน่วยกิต 3(3-0-6)",124;157;255;261,
หมวดศึกษาทั่วไป,วิชา INTERPRETATION AND ARGUMENT (90642027) เป็นวิชาบังคับหรือวิชาเลือก และมีหน่วยกิตเท่าไร?,"เลือก, หน่วยกิต 4(4-0-8)",124;157;261,
หมวดศึกษาทั่วไป,วิชา GAMBLING LITERACY (90642028) เป็นวิชาบังคับหรือวิชาเลือก และมีหน่วยกิตเท่าไร?,"เลือก, หน่วยกิต 3(3-0-6)",124;158;261,
หมวดศึกษาทั่วไป,"วิชา MEDICAL ETHICS, LAWS AND PROFESSIONALOSM (90642029) เป็นวิชาบังคับหรือวิชาเลือก และมีหน่วยกิตเท่าไร?","เลือก, หน่วยกิต 3(2-2-5)",124;158;261,
หมวดศึกษาทั่วไป,วิชา ENGINEERING ETHICS AND LAWS (90642030) เป็นวิชาบังคับหรือวิชาเลือก และมีหน่วยกิตเท่าไร?,"เลือก, หน่วยกิต 3(3-0-6)",124;158;253;262,
หมวดศึกษาทั่วไป,วิชา PROFESSIONAL ETHICS AND LAWS (90642031) เป็นวิชาบังคับหรือวิชาเลือก และมีหน่วยกิตเท่าไร?,"เลือก, หน่วยกิต 3(3-0-6)",124;158;262,
หมวดศึกษาทั่วไป,วิชา LAW FOR ENTREPRENEURS (90642032) เป็นวิชาบังคับหรือวิชาเลือก และมีหน่วยกิตเท่าไร?,"เลือก, หน่วยกิต 3(3-0-6)",124;159,
หมวดศึกษาทั่วไป,วิชา LAW FOR NEW GENERATION (90642033) เป็นวิชาบังคับหรือวิชาเลือก และมีหน่วยกิตเท่าไร?,"เลือก, หน่วยกิต 3(3-0-6)",14;22;29;124;159;256;262;351,
หมวดศึกษาทั่วไป,วิชา LAW AND REGULATION IN AVIATION INDUSTRY (90642034) เป็นวิชาบังคับหรือวิชาเลือก และมีหน่วยกิตเท่าไร?,"เลือก, หน่วยกิต 3(3-0-6)",125;159;262,
หมวดศึกษาทั่วไป,วิชา INDUSTRIAL EXPERIENCE FOR ENGINEERS (90642035) เป็นวิชาบังคับหรือวิชาเลือก และมีหน่วยกิตเท่าไร?,"เลือก, หน่วยกิต 3(0-18-0)",125;160;211;253;262,
หมวดศึกษาทั่วไป,วิชา PRE-ACTIVITIES FOR ENGINEERS (90642036) เป็นวิชาบังคับหรือวิชาเลือก และมีหน่วยกิตเท่าไร?,"เลือก, หน่วยกิต 1(0-3-0)",125;160;253;262,
หมวดศึกษาทั่วไป,วิชา PROFESSIONAL SKILLS AND ISSUES (90642037) เป็นวิชาบังคับหรือวิชาเลือก และมีหน่วยกิตเท่าไร?,"เลือก, หน่วยกิต 3(3-0-6)",125;160;262,
หมวดศึกษาทั่วไป,วิชา OCCUPATIONAL SAFETY AND HEALTH (90642038) เป็นวิชาบังคับหรือวิชาเลือก และมีหน่วยกิตเท่าไร?,"เลือก, หน่วยกิต 3(3-0-6)",125;161;253;262,
หมวดศึกษาทั่วไป,วิชา QUICK-FIX @ HOME (90642039) เป็นวิชาบังคับหรือวิชาเลือก และมีหน่วยกิตเท่าไร?,"เลือก, หน่วยกิต 3(3-0-6)",125;161;262,
หมวดศึกษาทั่วไป,วิชา COFFEE MANIA (90642040) เป็นวิชาบังคับหรือวิชาเลือก และมีหน่วยกิตเท่าไร?,"เลือก, หน่วยกิต 3(3-0-6)",125;161,
หมวดศึกษาทั่วไป,วิชา DORM CHEF (90642041) เป็นวิชาบังคับหรือวิชาเลือก และมีหน่วยกิตเท่าไร?,"เลือก, หน่วยกิต 3(3-0-6)",125;161;262,
หมวดศึกษาทั่วไป,วิชา SCIENCE AND ART OF MEATS (90642042) เป็นวิชาบังคับหรือวิชาเลือก และมีหน่วยกิตเท่าไร?,"เลือก, หน่วยกิต 3(3-0-6)",125;162;262,
หมวดศึกษาทั่วไป,วิชา SCIENCE OF BURGER (90642043) เป็นวิชาบังคับหรือวิชาเลือก และมีหน่วยกิตเท่าไร?,"เลือก, หน่วยกิต 3(3-0-6)",125;162;262,
หมวดศึกษาทั่วไป,วิชา WORLD OF SAUSAGES (90642044) เป็นวิชาบังคับหรือวิชาเลือก และมีหน่วยกิตเท่าไร?,"เลือก, หน่วยกิต 3(3-0-6)",125;162;262,
หมวดศึกษาทั่วไป,วิชา BE MY BEV. (90642045) เป็นวิชาบังคับหรือวิชาเลือก และมีหน่วยกิตเท่าไร?,"เลือก, หน่วยกิต 3(3-0-6)",125;162;262,
หมวดศึกษาทั่วไป,วิชา RICE-SARA (90642046) เป็นวิชาบังคับหรือวิชาเลือก และมีหน่วยกิตเท่าไร?,"เลือก, หน่วยกิต 3(3-0-6)",125;163,
หมวดศึกษาทั่วไป,วิชา TREE DOCTOR (90642047) เป็นวิชาบังคับหรือวิชาเลือก และมีหน่วยกิตเท่าไร?,"เลือก, หน่วยกิต 3(3-0-6)",125;163;262,
หมวดศึกษาทั่วไป,วิชา FUN WITH DRUGS AND HERBS (90642048) เป็นวิชาบังคับหรือวิชาเลือก และมีหน่วยกิตเท่าไร?,"เลือก, หน่วยกิต 3(3-0-6)",125;163;262,
หมวดศึกษาทั่วไป,วิชา MICROBIAL UTILIZATION FOR DAILY LIFE (90642049) เป็นวิชาบังคับหรือวิชาเลือก และมีหน่วยกิตเท่าไร?,"เลือก, หน่วยกิต 3(3-0-6)",125;164;256,
หมวดศึกษาทั่วไป,วิชา MEDICINAL PLANTS (90642050) เป็นวิชาบังคับหรือวิชาเลือก และมีหน่วยกิตเท่าไร?,"เลือก, หน่วยกิต 3(3-0-6)",125;164;263,
หมวดศึกษาทั่วไป,วิชา BIOTECHNOLOGY FOR BETTER LIVING (90642051) เป็นวิชาบังคับหรือวิชาเลือก และมีหน่วยกิตเท่าไร?,"เลือก, หน่วยกิต 3(3-0-6)",125;164;263,
หมวดศึกษาทั่วไป,วิชา GENES & GENETICS : FROM HELIX TO HEREDITARY (90642052) เป็นวิชาบังคับหรือวิชาเลือก และมีหน่วยกิตเท่าไร?,"เลือก, หน่วยกิต 3(3-0-6)",125;165;263,
หมวดศึกษาทั่วไป,วิชา INTERESTING MOLECULAR GENETICS (90642053) เป็นวิชาบังคับหรือวิชาเลือก และมีหน่วยกิตเท่าไร?,"เลือก, หน่วยกิต 3(3-0-6)",126;165,
หมวดศึกษาทั่วไป,วิชา GUARDIANS OF OUR BODIES (90642054) เป็นวิชาบังคับหรือวิชาเลือก และมีหน่วยกิตเท่าไร?,"เลือก, หน่วยกิต 3(3-0-6)",126;165;263,
หมวดศึกษาทั่วไป,วิชา LIVING WITH MICROBES (90642055) เป็นวิชาบังคับหรือวิชาเลือก และมีหน่วยกิตเท่าไร?,"เลือก, หน่วยกิต 3(3-0-6)",126;166;263,
หมวดศึกษาทั่วไป,วิชา EPIDEMICS IN THE 21st CENTURY (90642056) เป็นวิชาบังคับหรือวิชาเลือก และมีหน่วยกิตเท่าไร?,"เลือก, หน่วยกิต 3(3-0-6)",126;166,
หมวดศึกษาทั่วไป,วิชา IMMUNITY THROUGH MEDIA (90642057) เป็นวิชาบังคับหรือวิชาเลือก และมีหน่วยกิตเท่าไร?,"เลือก, หน่วยกิต 3(3-0-6)",126;166,
หมวดศึกษาทั่วไป,วิชา UNDERSTANDING HEALTH POLICY AND PUBLIC WELFARE (90642058) เป็นวิชาบังคับหรือวิชาเลือก และมีหน่วยกิตเท่าไร?,"เลือก, หน่วยกิต 3(3-0-6)",126;166;236;263,
หมวดศึกษาทั่วไป,วิชา MEDICINE AND LITERATURE (90642059) เป็นวิชาบังคับหรือวิชาเลือก และมีหน่วยกิตเท่าไร?,"เลือก, หน่วยกิต 3(3-0-6)",126;167;263,
หมวดศึกษาทั่วไป,วิชา SELF-DISCOVERY (90642060) เป็นวิชาบังคับหรือวิชาเลือก และมีหน่วยกิตเท่าไร?,"เลือก, หน่วยกิต 3(3-0-6)",126;167,
หมวดศึกษาทั่วไป,วิชา WORLD OF INSECTS (90642061) เป็นวิชาบังคับหรือวิชาเลือก และมีหน่วยกิตเท่าไร?,"เลือก, หน่วยกิต 3(3-0-6)",126;167;263,
หมวดศึกษาทั่วไป,วิชา ALL ABOUT FOOD (90642062) เป็นวิชาบังคับหรือวิชาเลือก และมีหน่วยกิตเท่าไร?,"เลือก, หน่วยกิต 3(3-0-6)",126;168;263,
หมวดศึกษาทั่วไป,วิชา HOLISTIC HEALTH DEVELOPMENT (90642063) เป็นวิชาบังคับหรือวิชาเลือก และมีหน่วยกิตเท่าไร?,"เลือก, หน่วยกิต 3(3-0-6)",126;168;263,
หมวดศึกษาทั่วไป,วิชา PETANQUE (90642064) เป็นวิชาบังคับหรือวิชาเลือก และมีหน่วยกิตเท่าไร?,"เลือก, หน่วยกิต 2(1-2-3)",126;168;263,
หมวดศึกษาทั่วไป,วิชา RUGBY FOOTBALL (90642065) เป็นวิชาบังคับหรือวิชาเลือก และมีหน่วยกิตเท่าไร?,"เลือก, หน่วยกิต 2(1-2-3)",126;168;263,
หมวดศึกษาทั่วไป,วิชา SOCCER (90642066) เป็นวิชาบังคับหรือวิชาเลือก และมีหน่วยกิตเท่าไร?,"เลือก, หน่วยกิต 2(1-2-3)",126;169;263,
หมวดศึกษาทั่วไป,วิชา SOFTBALL & BASEBALL (90642067) เป็นวิชาบังคับหรือวิชาเลือก และมีหน่วยกิตเท่าไร?,"เลือก, หน่วยกิต 2(1-2-3)",126;169;264,
หมวดศึกษาทั่วไป,วิชา TENNIS (90642068) เป็นวิชาบังคับหรือวิชาเลือก และมีหน่วยกิตเท่าไร?,"เลือก, หน่วยกิต 2(1-2-3)",126;169;264,
หมวดศึกษาทั่วไป,วิชา VOLLEYBALL (90642069) เป็นวิชาบังคับหรือวิชาเลือก และมีหน่วยกิตเท่าไร?,"เลือก, หน่วยกิต 2(1-2-3)",126;169;263,
หมวดศึกษาทั่วไป,วิชา GOLF (90642070) เป็นวิชาบังคับหรือวิชาเลือก และมีหน่วยกิตเท่าไร?,"เลือก, หน่วยกิต 2(1-2-3)",126;169;264,
หมวดศึกษาทั่วไป,วิชา BADMINTON (90642071) เป็นวิชาบังคับหรือวิชาเลือก และมีหน่วยกิตเท่าไร?,"เลือก, หน่วยกิต 2(1-2-3)",126;170;264,
หมวดศึกษาทั่วไป,วิชา BASKETBALL (90642072) เป็นวิชาบังคับหรือวิชาเลือก และมีหน่วยกิตเท่าไร?,"เลือก, หน่วยกิต 2(1-2-3)",127;170;264,
หมวดศึกษาทั่วไป,วิชา CHESS (90642073) เป็นวิชาบังคับหรือวิชาเลือก และมีหน่วยกิตเท่าไร?,"เลือก, หน่วยกิต 2(1-2-3)",127;170;264,
หมวดศึกษาทั่วไป,วิชา E-SPORTS (90642074) เป็นวิชาบังคับหรือวิชาเลือก และมีหน่วยกิตเท่าไร?,"เลือก, หน่วยกิต 3(2-2-5)",127;170;264,
หมวดศึกษาทั่วไป,วิชา KARATE (90642075) เป็นวิชาบังคับหรือวิชาเลือก และมีหน่วยกิตเท่าไร?,"เลือก, หน่วยกิต 2(1-2-3)",127;171;264,
หมวดศึกษาทั่วไป,วิชา SHOOTING (90642076) เป็นวิชาบังคับหรือวิชาเลือก และมีหน่วยกิตเท่าไร?,"เลือก, หน่วยกิต 2(1-2-3)",127;171,
หมวดศึกษาทั่วไป,วิชา TABLE TENNIS (90642077) เป็นวิชาบังคับหรือวิชาเลือก และมีหน่วยกิตเท่าไร?,"เลือก, หน่วยกิต 2(1-2-3)",127;171;264,
หมวดศึกษาทั่วไป,วิชา TAEKWONDO (90642078) เป็นวิชาบังคับหรือวิชาเลือก และมีหน่วยกิตเท่าไร?,"เลือก, หน่วยกิต 2(1-2-3)",127;171;264,
หมวดศึกษาทั่วไป,วิชา JUDO (90642079) เป็นวิชาบังคับหรือวิชาเลือก และมีหน่วยกิตเท่าไร?,"เลือก, หน่วยกิต 2(1-2-3)",127;171;264,
หมวดศึกษาทั่วไป,วิชา INTRODUCTION TO MUSIC COMPOSITION (90642080) เป็นวิชาบังคับหรือวิชาเลือก และมีหน่วยกิตเท่าไร?,"เลือก, หน่วยกิต 3(3-0-6)",127;172;258;264,
หมวดศึกษาทั่วไป,วิชา RAP APPRECIATION (90642081) เป็นวิชาบังคับหรือวิชาเลือก และมีหน่วยกิตเท่าไร?,"เลือก, หน่วยกิต 3(3-0-6)",127;172,
หมวดศึกษาทั่วไป,วิชา MUSIC APPRECIATION (90642082) เป็นวิชาบังคับหรือวิชาเลือก และมีหน่วยกิตเท่าไร?,"เลือก, หน่วยกิต 3(3-0-6)",127;172;264,
หมวดศึกษาทั่วไป,วิชา FILM APPRECIATION (90642083) เป็นวิชาบังคับหรือวิชาเลือก และมีหน่วยกิตเท่าไร?,"เลือก, หน่วยกิต 3(3-0-6)",127;172,
หมวดศึกษาทั่วไป,วิชา PHOTOGRAPHY APPRECIATION (90642084) เป็นวิชาบังคับหรือวิชาเลือก และมีหน่วยกิตเท่าไร?,"เลือก, หน่วยกิต 3(2-2-5)",127,
หมวดศึกษาทั่วไป,วิชา CONTEMPORARY CULTURE (90642085) เป็นวิชาบังคับหรือวิชาเลือก และมีหน่วยกิตเท่าไร?,"เลือก, หน่วยกิต 3(3-0-6)",127;173;264,
หมวดศึกษาทั่วไป,วิชา INTRODUCTION TO DESIGN CULTURE (90642086) เป็นวิชาบังคับหรือวิชาเลือก และมีหน่วยกิตเท่าไร?,"เลือก, หน่วยกิต 3(3-0-6)",127;173,
หมวดศึกษาทั่วไป,วิชา WORLD CULTURE (90642087) เป็นวิชาบังคับหรือวิชาเลือก และมีหน่วยกิตเท่าไร?,"เลือก, หน่วยกิต 3(3-0-6)",127;173;265,
หมวดศึกษาทั่วไป,วิชา TRADITIONAL CHINESE CULTURE (90642088) เป็นวิชาบังคับหรือวิชาเลือก และมีหน่วยกิตเท่าไร?,"เลือก, หน่วยกิต 3(3-0-6)",127;174,
หมวดศึกษาทั่วไป,"วิชา CHINESE SOCIETY, ECONOMY AND POLITICS (90642089) เป็นวิชาบังคับหรือวิชาเลือก และมีหน่วยกิตเท่าไร?","เลือก, หน่วยกิต 3(3-0-6)",127;174;263;265,
หมวดศึกษาทั่วไป,วิชา GLOBAL INSIDE (90642090) เป็นวิชาบังคับหรือวิชาเลือก และมีหน่วยกิตเท่าไร?,"เลือก, หน่วยกิต 3(3-0-6)",127;174;265,
หมวดศึกษาทั่วไป,วิชา ASIAN STUDY (90642091) เป็นวิชาบังคับหรือวิชาเลือก และมีหน่วยกิตเท่าไร?,"เลือก, หน่วยกิต 3(3-0-6)",128;174;265,
หมวดศึกษาทั่วไป,วิชา CIVIC EDUCATION (90642092) เป็นวิชาบังคับหรือวิชาเลือก และมีหน่วยกิตเท่าไร?,"เลือก, หน่วยกิต 3(3-0-6)",128;175;265,
หมวดศึกษาทั่วไป,วิชา COMMUNITY ENGAGEMENT (90642093) เป็นวิชาบังคับหรือวิชาเลือก และมีหน่วยกิตเท่าไร?,"เลือก, หน่วยกิต 3(3-0-6)",128;175;265,
หมวดศึกษาทั่วไป,วิชา PRINCIPLES OF COMMUNITY DEVELOPMENT (90642094) เป็นวิชาบังคับหรือวิชาเลือก และมีหน่วยกิตเท่าไร?,"เลือก, หน่วยกิต 3(3-0-6)",128;175,
หมวดศึกษาทั่วไป,วิชา NATIONAL SECURITY DEVELOPMENT (90642095) เป็นวิชาบังคับหรือวิชาเลือก และมีหน่วยกิตเท่าไร?,"เลือก, หน่วยกิต 3(3-0-6)",128;175;265,
หมวดศึกษาทั่วไป,วิชา MILITARY SCIENCE (90642096) เป็นวิชาบังคับหรือวิชาเลือก และมีหน่วยกิตเท่าไร?,"เลือก, หน่วยกิต 3(3-0-6)",128;176,
หมวดศึกษาทั่วไป,วิชา APPLIED THAI WISDOMS (90642097) เป็นวิชาบังคับหรือวิชาเลือก และมีหน่วยกิตเท่าไร?,"เลือก, หน่วยกิต 3(3-0-6)",128;176,
หมวดศึกษาทั่วไป,วิชา DYNAMICS OF THAI SOCIETY (90642098) เป็นวิชาบังคับหรือวิชาเลือก และมีหน่วยกิตเท่าไร?,"เลือก, หน่วยกิต 3(3-0-6)",128;176;265,
หมวดศึกษาทั่วไป,วิชา ACTIVE AGING SOCIETY (90642099) เป็นวิชาบังคับหรือวิชาเลือก และมีหน่วยกิตเท่าไร?,"เลือก, หน่วยกิต 3(3-0-6)",128;177,
หมวดศึกษาทั่วไป,วิชา FIGHTING FAKE NEWS (90642100) เป็นวิชาบังคับหรือวิชาเลือก และมีหน่วยกิตเท่าไร?,"เลือก, หน่วยกิต 1(1-0-2)",128;177,
หมวดศึกษาทั่วไป,วิชา REVIEWER (90642101) เป็นวิชาบังคับหรือวิชาเลือก และมีหน่วยกิตเท่าไร?,"เลือก, หน่วยกิต 3(3-0-6)",128;177;265,
หมวดศึกษาทั่วไป,วิชา YOUTUBER (90642102) เป็นวิชาบังคับหรือวิชาเลือก และมีหน่วยกิตเท่าไร?,"เลือก, หน่วยกิต 3(3-0-6)",128;177;265,
หมวดศึกษาทั่วไป,วิชา LIVING IN DIGITAL SOCIETY (90642103) เป็นวิชาบังคับหรือวิชาเลือก และมีหน่วยกิตเท่าไร?,"เลือก, หน่วยกิต 3(3-0-6)",128;178;265,
หมวดศึกษาทั่วไป,วิชา DIGITAL LITERACY (90642104) เป็นวิชาบังคับหรือวิชาเลือก และมีหน่วยกิตเท่าไร?,"เลือก, หน่วยกิต 1(1-0-2)",128;178,
หมวดศึกษาทั่วไป,วิชา BASIC INTERNET OF THINGS (IOT) (90642105) เป็นวิชาบังคับหรือวิชาเลือก และมีหน่วยกิตเท่าไร?,"เลือก, หน่วยกิต 2(1-2-3)",128;178;255;266,
หมวดศึกษาทั่วไป,วิชา DIGITAL STORYTELLING IN JOURNEY (90642106) เป็นวิชาบังคับหรือวิชาเลือก และมีหน่วยกิตเท่าไร?,"เลือก, หน่วยกิต 3(3-0-6)",128;179;266,
หมวดศึกษาทั่วไป,วิชา DIGITAL MEDIA PRODUCTION (90642107) เป็นวิชาบังคับหรือวิชาเลือก และมีหน่วยกิตเท่าไร?,"เลือก, หน่วยกิต 3(3-0-6)",128;179;254;257;266,
หมวดศึกษาทั่วไป,วิชา DIGITAL PHOTOGRAPHY TECHNOLOGY (90642108) เป็นวิชาบังคับหรือวิชาเลือก และมีหน่วยกิตเท่าไร?,"เลือก, หน่วยกิต 3(2-2-5)",128;179;254;266,
หมวดศึกษาทั่วไป,วิชา INFOGRAPHIC DESIGN (90642109) เป็นวิชาบังคับหรือวิชาเลือก และมีหน่วยกิตเท่าไร?,"เลือก, หน่วยกิต 3(3-0-6)",128;179,
หมวดศึกษาทั่วไป,วิชา FUN WITH DATA SCIENCE (90642110) เป็นวิชาบังคับหรือวิชาเลือก และมีหน่วยกิตเท่าไร?,"เลือก, หน่วยกิต 3(3-0-6)",129;180;253;266,
หมวดศึกษาทั่วไป,วิชา FUN WITH CODING (90642111) เป็นวิชาบังคับหรือวิชาเลือก และมีหน่วยกิตเท่าไร?,"เลือก, หน่วยกิต 3(3-0-6)",129;180;255;266,
หมวดศึกษาทั่วไป,วิชา FUN WITH AI (90642112) เป็นวิชาบังคับหรือวิชาเลือก และมีหน่วยกิตเท่าไร?,"เลือก, หน่วยกิต 3(3-0-6)",129;180;266,
หมวดศึกษาทั่วไป,วิชา ROBOTICS AND AI (90642113) เป็นวิชาบังคับหรือวิชาเลือก และมีหน่วยกิตเท่าไร?,"เลือก, หน่วยกิต 3(3-0-6)",129;180;256;266,
หมวดศึกษาทั่วไป,วิชา SMART FARMING (90642114) เป็นวิชาบังคับหรือวิชาเลือก และมีหน่วยกิตเท่าไร?,"เลือก, หน่วยกิต 3(3-0-6)",129;181;266,
หมวดศึกษาทั่วไป,วิชา GREEN TECHNOLOGY AND ALTERNATIVE ENERGY (90642115) เป็นวิชาบังคับหรือวิชาเลือก และมีหน่วยกิตเท่าไร?,"เลือก, หน่วยกิต 3(3-0-6)",129;181;255;266,
หมวดศึกษาทั่วไป,วิชา SMART CITY AND INNOVATION (90642116) เป็นวิชาบังคับหรือวิชาเลือก และมีหน่วยกิตเท่าไร?,"เลือก, หน่วยกิต 3(3-0-6)",129;181;266,
หมวดศึกษาทั่วไป,วิชา INFORMATION LITERACY SKILLS FOR THE 21st CENTURY (90642117) เป็นวิชาบังคับหรือวิชาเลือก และมีหน่วยกิตเท่าไร?,"เลือก, หน่วยกิต 3(3-0-6)",129;182;255;266,
หมวดศึกษาทั่วไป,วิชา APPLICATION SOFTWARE FOR BUSSINESS (90642118) เป็นวิชาบังคับหรือวิชาเลือก และมีหน่วยกิตเท่าไร?,"เลือก, หน่วยกิต 2(1-2-3)",129;182;253,
หมวดศึกษาทั่วไป,วิชา COMPUTER FOR DEVELOPMENT OF ANALYTICAL THINKING PROCESS (90642119) เป็นวิชาบังคับหรือวิชาเลือก และมีหน่วยกิตเท่าไร?,"เลือก, หน่วยกิต 2(1-2-3)",129;182;255,
หมวดศึกษาทั่วไป,วิชา FROM EXCEL TO EXCELLENT (90642120) เป็นวิชาบังคับหรือวิชาเลือก และมีหน่วยกิตเท่าไร?,"เลือก, หน่วยกิต 3(3-0-6)",129;182,
หมวดศึกษาทั่วไป,วิชา DATA ANALYSIS AND MANAGEMENT WITH COMPUTATIONAL PROGRAM (90642121) เป็นวิชาบังคับหรือวิชาเลือก และมีหน่วยกิตเท่าไร?,"เลือก, หน่วยกิต 3(3-0-6)",129;183;241;266,
หมวดศึกษาทั่วไป,วิชา INTRODUCTION TO MICROCOMPUTER APPLICATION (90642122) เป็นวิชาบังคับหรือวิชาเลือก และมีหน่วยกิตเท่าไร?,"เลือก, หน่วยกิต 3(3-0-6)",129;183;267,
หมวดศึกษาทั่วไป,วิชา TECHNOLOGY IN MUSICAL SEQUENCING (90642123) เป็นวิชาบังคับหรือวิชาเลือก และมีหน่วยกิตเท่าไร?,"เลือก, หน่วยกิต 3(3-0-6)",129;183;258,
หมวดศึกษาทั่วไป,วิชา SCIENCE TECHNOLOGY AND SCIENCE INNOVATION FOR SDGS (90642124) เป็นวิชาบังคับหรือวิชาเลือก และมีหน่วยกิตเท่าไร?,"เลือก, หน่วยกิต 3(3-0-6)",129;183;255,
หมวดศึกษาทั่วไป,วิชา LIVING IN FUTURE DISASTER AND CRISIS (90642125) เป็นวิชาบังคับหรือวิชาเลือก และมีหน่วยกิตเท่าไร?,"เลือก, หน่วยกิต 3(3-0-6)",129;184;267,
หมวดศึกษาทั่วไป,วิชา SURVIVORS (90642126) เป็นวิชาบังคับหรือวิชาเลือก และมีหน่วยกิตเท่าไร?,"เลือก, หน่วยกิต 3(3-0-6)",129;184;267,
หมวดศึกษาทั่วไป,วิชา THINK EARTH (90642127) เป็นวิชาบังคับหรือวิชาเลือก และมีหน่วยกิตเท่าไร?,"เลือก, หน่วยกิต 3(3-0-6)",129;184;254;267,
หมวดศึกษาทั่วไป,"วิชา ECOLOGY, CONSERVATION AND ENVIRONMENTALISM (90642128) เป็นวิชาบังคับหรือวิชาเลือก และมีหน่วยกิตเท่าไร?","เลือก, หน่วยกิต 3(3-0-6)",129;185;267,
หมวดศึกษาทั่วไป,วิชา ALTERNATIVE TOURISM (90642129) เป็นวิชาบังคับหรือวิชาเลือก และมีหน่วยกิตเท่าไร?,"เลือก, หน่วยกิต 3(3-0-6)",130;185,
หมวดศึกษาทั่วไป,วิชา SPORTS TOURISM (90642130) เป็นวิชาบังคับหรือวิชาเลือก และมีหน่วยกิตเท่าไร?,"เลือก, หน่วยกิต 3(3-0-6)",130;185;267,
หมวดศึกษาทั่วไป,วิชา THAI CULTURE AND TOURISM (90642131) เป็นวิชาบังคับหรือวิชาเลือก และมีหน่วยกิตเท่าไร?,"เลือก, หน่วยกิต 3(3-0-6)",130;185;257;267,
หมวดศึกษาทั่วไป,วิชา CHUMPHON STUDY FOR TOURISM (90642132) เป็นวิชาบังคับหรือวิชาเลือก และมีหน่วยกิตเท่าไร?,"เลือก, หน่วยกิต 3(3-0-6)",130;186;258;267,
หมวดศึกษาทั่วไป,วิชา CHUMPHON AREA STUDY (90642133) เป็นวิชาบังคับหรือวิชาเลือก และมีหน่วยกิตเท่าไร?,"เลือก, หน่วยกิต 3(3-0-6)",130;186,
หมวดศึกษาทั่วไป,วิชา KING MONGKUT'S REIGN STUDY (90642134) เป็นวิชาบังคับหรือวิชาเลือก และมีหน่วยกิตเท่าไร?,"เลือก, หน่วยกิต 3(3-0-6)",130;186;267,
หมวดศึกษาทั่วไป,วิชา PHILOSOPHY OF SUFFICIENCY ECONOMY (90642135) เป็นวิชาบังคับหรือวิชาเลือก และมีหน่วยกิตเท่าไร?,"เลือก, หน่วยกิต 3(3-0-6)",130;187;258,
หมวดศึกษาทั่วไป,วิชา ETHICS AND AESTHETICS (90642136) เป็นวิชาบังคับหรือวิชาเลือก และมีหน่วยกิตเท่าไร?,"เลือก, หน่วยกิต 3(3-0-6)",130;187,
หมวดศึกษาทั่วไป,วิชา SERIES IN DAILY LIFE (90642137) เป็นวิชาบังคับหรือวิชาเลือก และมีหน่วยกิตเท่าไร?,"เลือก, หน่วยกิต 3(3-0-6)",130;187;267,
หมวดศึกษาทั่วไป,วิชา MEDITATION FOR LIFE DEVELOPMENT (90642138) เป็นวิชาบังคับหรือวิชาเลือก และมีหน่วยกิตเท่าไร?,"เลือก, หน่วยกิต 3(3-0-6)",130;187;267,
หมวดศึกษาทั่วไป,วิชา RESILIENCE QUOTIENT (90642139) เป็นวิชาบังคับหรือวิชาเลือก และมีหน่วยกิตเท่าไร?,"เลือก, หน่วยกิต 1(1-0-2)",130;188;ocr273,
หมวดศึกษาทั่วไป,วิชา IMMUNITY OF MIND (90642140) เป็นวิชาบังคับหรือวิชาเลือก และมีหน่วยกิตเท่าไร?,"เลือก, หน่วยกิต 3(3-0-6)",130;188;ocr273,
หมวดศึกษาทั่วไป,วิชา PSYCHOLOGY OF SELF-DEVELOPMENT (90642141) เป็นวิชาบังคับหรือวิชาเลือก และมีหน่วยกิตเท่าไร?,"เลือก, หน่วยกิต 2(2-0-4)",130;188;ocr273,
หมวดศึกษาทั่วไป,วิชา PSYCHOLOGY IN COMMUNICATION (90642142) เป็นวิชาบังคับหรือวิชาเลือก และมีหน่วยกิตเท่าไร?,"เลือก, หน่วยกิต 3(3-0-6)",130;188;ocr273,
หมวดศึกษาทั่วไป,วิชา DESIGNING YOUR LIFE (90642143) เป็นวิชาบังคับหรือวิชาเลือก และมีหน่วยกิตเท่าไร?,"เลือก, หน่วยกิต 3(3-0-6)",130;189,
หมวดศึกษาทั่วไป,วิชา MAGIC MIRROR (90642144) เป็นวิชาบังคับหรือวิชาเลือก และมีหน่วยกิตเท่าไร?,"เลือก, หน่วยกิต 3(3-0-6)",130;189;ocr273,
หมวดศึกษาทั่วไป,วิชา POWER OF PERSONALITY (90642145) เป็นวิชาบังคับหรือวิชาเลือก และมีหน่วยกิตเท่าไร?,"เลือก, หน่วยกิต 3(3-0-6)",130;189;ocr273,
หมวดศึกษาทั่วไป,วิชา POWER OF CHANGE (90642146) เป็นวิชาบังคับหรือวิชาเลือก และมีหน่วยกิตเท่าไร?,"เลือก, หน่วยกิต 3(3-0-6)",130;189;ocr273,
หมวดศึกษาทั่วไป,วิชา HAPPINESS SKILLS (90642147) เป็นวิชาบังคับหรือวิชาเลือก และมีหน่วยกิตเท่าไร?,"เลือก, หน่วยกิต 3(3-0-6)",130;190;ocr273,
หมวดศึกษาทั่วไป,วิชา ARTS OF EMOTION DEVELOPMENT (90642148) เป็นวิชาบังคับหรือวิชาเลือก และมีหน่วยกิตเท่าไร?,"เลือก, หน่วยกิต 3(3-0-6)",131;190,
หมวดศึกษาทั่วไป,วิชา IMAGINATIVE ART (90642149) เป็นวิชาบังคับหรือวิชาเลือก และมีหน่วยกิตเท่าไร?,"เลือก, หน่วยกิต 3(3-0-6)",131;190;258,
หมวดศึกษาทั่วไป,วิชา ART IN EVERYDAY LIFE (90642150) เป็นวิชาบังคับหรือวิชาเลือก และมีหน่วยกิตเท่าไร?,"เลือก, หน่วยกิต 3(3-0-6)",131;191;ocr273,
หมวดศึกษาทั่วไป,วิชา MAN AND ART (90642151) เป็นวิชาบังคับหรือวิชาเลือก และมีหน่วยกิตเท่าไร?,"เลือก, หน่วยกิต 3(3-0-6)",131;191;ocr273,
หมวดศึกษาทั่วไป,วิชา JOY OF SHARING (90642152) เป็นวิชาบังคับหรือวิชาเลือก และมีหน่วยกิตเท่าไร?,"เลือก, หน่วยกิต 3(3-0-6)",131;191;ocr273,
หมวดศึกษาทั่วไป,วิชา UNDERSTANDING HUMAN BEHAVIOR (90642153) เป็นวิชาบังคับหรือวิชาเลือก และมีหน่วยกิตเท่าไร?,"เลือก, หน่วยกิต 3(3-0-6)",131;192;ocr273,
หมวดศึกษาทั่วไป,วิชา FAIL-ABLE (90642154) เป็นวิชาบังคับหรือวิชาเลือก และมีหน่วยกิตเท่าไร?,"เลือก, หน่วยกิต 3(3-0-6)",131;192;ocr273,
หมวดศึกษาทั่วไป,วิชา HUMAN RELATIONSHIP AND COMMUNICATION (90642155) เป็นวิชาบังคับหรือวิชาเลือก และมีหน่วยกิตเท่าไร?,"เลือก, หน่วยกิต 2(2-0-4)",131;192;ocr273,
หมวดศึกษาทั่วไป,วิชา FENG SHUI (90642156) เป็นวิชาบังคับหรือวิชาเลือก และมีหน่วยกิตเท่าไร?,"เลือก, หน่วยกิต 3(3-0-6)",131;192;ocr273,
หมวดศึกษาทั่วไป,วิชา THAI ASTROLOGY (90642157) เป็นวิชาบังคับหรือวิชาเลือก และมีหน่วยกิตเท่าไร?,"เลือก, หน่วยกิต 3(3-0-6)",131;193;269,
หมวดศึกษาทั่วไป,วิชา COMTEMPORARY SCIENCE AND TECHNOLOGY (90642158) เป็นวิชาบังคับหรือวิชาเลือก และมีหน่วยกิตเท่าไร?,"เลือก, หน่วยกิต 3(3-0-6)",131;193;243;269,
หมวดศึกษาทั่วไป,วิชา INTRODUCTION TO PSYCHOLOGY (90642159) เป็นวิชาบังคับหรือวิชาเลือก และมีหน่วยกิตเท่าไร?,"เลือก, หน่วยกิต 3(3-0-6)",131;193;269,
หมวดศึกษาทั่วไป,วิชา PRACTICE UNDER MANAGEMENT SKILL 1 (90643001) เป็นวิชาบังคับหรือวิชาเลือก และมีหน่วยกิตเท่าไร?,"เลือก, หน่วยกิต 1(0-2-1)",131;194;269,
หมวดศึกษาทั่วไป,วิชา PRACTICE UNDER MANAGEMENT SKILL 2 (90643002) เป็นวิชาบังคับหรือวิชาเลือก และมีหน่วยกิตเท่าไร?,"เลือก, หน่วยกิต 2(0-4-2)",131;194;269,
หมวดศึกษาทั่วไป,วิชา PRACTICE UNDER MANAGEMENT SKILL 3 (90643003) เป็นวิชาบังคับหรือวิชาเลือก และมีหน่วยกิตเท่าไร?,"เลือก, หน่วยกิต 3(0-6-3)",131;194,
หมวดศึกษาทั่วไป,วิชา POSITIVE POWER LEADER (90643004) เป็นวิชาบังคับหรือวิชาเลือก และมีหน่วยกิตเท่าไร?,"เลือก, หน่วยกิต 3(3-0-6)",131;194;269,
หมวดศึกษาทั่วไป,วิชา THE DISRUPTOR (90643005) เป็นวิชาบังคับหรือวิชาเลือก และมีหน่วยกิตเท่าไร?,"เลือก, หน่วยกิต 3(3-0-6)",131;195;269,
หมวดศึกษาทั่วไป,วิชา MODERN MANAGEMENT AND LEADERSHIP (90643006) เป็นวิชาบังคับหรือวิชาเลือก และมีหน่วยกิตเท่าไร?,"เลือก, หน่วยกิต 3(3-0-6)",131;195;254;255;258;269,
หมวดศึกษาทั่วไป,วิชา NEXT GEN LEADERSHIP (90643007) เป็นวิชาบังคับหรือวิชาเลือก และมีหน่วยกิตเท่าไร?,"เลือก, หน่วยกิต 3(3-0-6)",132;195;269,
หมวดศึกษาทั่วไป,วิชา SCIENCE OF NEGOTIATION (90643008) เป็นวิชาบังคับหรือวิชาเลือก และมีหน่วยกิตเท่าไร?,"เลือก, หน่วยกิต 3(3-0-6)",132;195;269,
หมวดศึกษาทั่วไป,วิชา CONTENT MARKETING (90643009) เป็นวิชาบังคับหรือวิชาเลือก และมีหน่วยกิตเท่าไร?,"เลือก, หน่วยกิต 1(1-0-2)",132;196;269,
หมวดศึกษาทั่วไป,วิชา CONTEMPORARY MARKETING (90643010) เป็นวิชาบังคับหรือวิชาเลือก และมีหน่วยกิตเท่าไร?,"เลือก, หน่วยกิต 3(3-0-6)",132;196;269,
หมวดศึกษาทั่วไป,วิชา ART OF COMMUNICATION MANAGEMENT (90643011) เป็นวิชาบังคับหรือวิชาเลือก และมีหน่วยกิตเท่าไร?,"เลือก, หน่วยกิต 3(2-3-6)",132;196;254;269,
หมวดศึกษาทั่วไป,วิชา TEAMWORK (90643012) เป็นวิชาบังคับหรือวิชาเลือก และมีหน่วยกิตเท่าไร?,"เลือก, หน่วยกิต 3(3-0-6)",132;197;269,
หมวดศึกษาทั่วไป,วิชา INDUSTRIAL MANAGEMENT (90643013) เป็นวิชาบังคับหรือวิชาเลือก และมีหน่วยกิตเท่าไร?,"เลือก, หน่วยกิต 3(3-0-6)",132;197;269,
หมวดศึกษาทั่วไป,วิชา GENERAL BUSINESS (90643014) เป็นวิชาบังคับหรือวิชาเลือก และมีหน่วยกิตเท่าไร?,"เลือก, หน่วยกิต 3(3-0-6)",132;197,
หมวดศึกษาทั่วไป,วิชา BUSINESS ACCOUNTING FOR NEW GEN (90643015) เป็นวิชาบังคับหรือวิชาเลือก และมีหน่วยกิตเท่าไร?,"เลือก, หน่วยกิต 3(3-0-6)",132;198;210;255,
หมวดศึกษาทั่วไป,วิชา FUN WITH ONLINE BUSINESS (90643016) เป็นวิชาบังคับหรือวิชาเลือก และมีหน่วยกิตเท่าไร?,"เลือก, หน่วยกิต 3(3-0-6)",132;198;257,
หมวดศึกษาทั่วไป,วิชา LEAN STARTUP AND AGILE BUSINESS (90643017) เป็นวิชาบังคับหรือวิชาเลือก และมีหน่วยกิตเท่าไร?,"เลือก, หน่วยกิต 4(4-0-8)",132;198;210,
หมวดศึกษาทั่วไป,วิชา INTERNATIONAL BUSINESS (90643018) เป็นวิชาบังคับหรือวิชาเลือก และมีหน่วยกิตเท่าไร?,"เลือก, หน่วยกิต 3(3-0-6)",132;198;210,
หมวดศึกษาทั่วไป,วิชา ECONOMICS AND ENTREPRENEURSHIP (90643019) เป็นวิชาบังคับหรือวิชาเลือก และมีหน่วยกิตเท่าไร?,"เลือก, หน่วยกิต 3(3-0-6)",132;199;210,
หมวดศึกษาทั่วไป,วิชา INNOVATIVE ENTREPRENEURS (90643020) เป็นวิชาบังคับหรือวิชาเลือก และมีหน่วยกิตเท่าไร?,"เลือก, หน่วยกิต 3(3-0-6)",132;199;210,
หมวดศึกษาทั่วไป,วิชา MODERN ENTREPRENEURS (90643021) เป็นวิชาบังคับหรือวิชาเลือก และมีหน่วยกิตเท่าไร?,"เลือก, หน่วยกิต 3(3-0-6)",14;26;33;132;199;253;255;256;351,
หมวดศึกษาทั่วไป,วิชา SOCIAL ENTREPRENEURS (90643022) เป็นวิชาบังคับหรือวิชาเลือก และมีหน่วยกิตเท่าไร?,"เลือก, หน่วยกิต 3(3-0-6)",132;199;210,
หมวดศึกษาทั่วไป,วิชา TECHNOPRENEURS (90643023) เป็นวิชาบังคับหรือวิชาเลือก และมีหน่วยกิตเท่าไร?,"เลือก, หน่วยกิต 3(3-0-6)",132;200;210,
หมวดศึกษาทั่วไป,วิชา HAPPINESS FARMS (90643024) เป็นวิชาบังคับหรือวิชาเลือก และมีหน่วยกิตเท่าไร?,"เลือก, หน่วยกิต 3(3-0-6)",132;200;254,
หมวดศึกษาทั่วไป,วิชา ROAD TO IPO (90643025) เป็นวิชาบังคับหรือวิชาเลือก และมีหน่วยกิตเท่าไร?,"เลือก, หน่วยกิต 3(3-0-6)",132;200;210,
หมวดศึกษาทั่วไป,วิชา INVESTMENT PLANNING (90643026) เป็นวิชาบังคับหรือวิชาเลือก และมีหน่วยกิตเท่าไร?,"เลือก, หน่วยกิต 3(3-0-6)",133;201;210;254;256,
หมวดศึกษาทั่วไป,"วิชา MAN, MONEY AND MATH (90643027) เป็นวิชาบังคับหรือวิชาเลือก และมีหน่วยกิตเท่าไร?","เลือก, หน่วยกิต 3(3-0-6)",133;201,
หมวดศึกษาทั่วไป,วิชา SMART TIPS FOR BEGINNING INVESTERS (90643028) เป็นวิชาบังคับหรือวิชาเลือก และมีหน่วยกิตเท่าไร?,"เลือก, หน่วยกิต 3(3-0-6)",133;201;210,
หมวดศึกษาทั่วไป,วิชา DIGITAL ECONOMY (90643029) เป็นวิชาบังคับหรือวิชาเลือก และมีหน่วยกิตเท่าไร?,"เลือก, หน่วยกิต 3(3-0-6)",133;201;210,
หมวดศึกษาทั่วไป,วิชา GENERAL ECONOMICS AND PROJECT FEASIBILITY STUDY (90643030) เป็นวิชาบังคับหรือวิชาเลือก และมีหน่วยกิตเท่าไร?,"เลือก, หน่วยกิต 3(3-0-6)",133;202;210;256,
หมวดศึกษาทั่วไป,วิชา CIRCULAR ECONOMIC LIFESTYLE FOR 21st CENTURY (90643031) เป็นวิชาบังคับหรือวิชาเลือก และมีหน่วยกิตเท่าไร?,"เลือก, หน่วยกิต 3(3-0-6)",133;202;210,
หมวดศึกษาทั่วไป,วิชา BCG ECONOMY IN ACTION (90643032) เป็นวิชาบังคับหรือวิชาเลือก และมีหน่วยกิตเท่าไร?,"เลือก, หน่วยกิต 3(3-0-6)",133;202;211;255,
หมวดศึกษาทั่วไป,วิชา INNOVATION MANAGEMENT (90643033) เป็นวิชาบังคับหรือวิชาเลือก และมีหน่วยกิตเท่าไร?,"เลือก, หน่วยกิต 4(4-0-8)",133;203;211,
หมวดศึกษาทั่วไป,วิชา MANAGEMENT AND CREATIVITY (90643034) เป็นวิชาบังคับหรือวิชาเลือก และมีหน่วยกิตเท่าไร?,"เลือก, หน่วยกิต 3(3-0-6)",133;203,
หมวดศึกษาทั่วไป,วิชา KNOWLEDGE MANAGEMENT FOR INNOVATION DEVELOPMENT (90643035) เป็นวิชาบังคับหรือวิชาเลือก และมีหน่วยกิตเท่าไร?,"เลือก, หน่วยกิต 3(3-0-6)",133;204;256;257,
หมวดศึกษาทั่วไป,วิชา KNOWLEDGE MANAGEMENT FOR PROJECT MANAGEMENT (90643036) เป็นวิชาบังคับหรือวิชาเลือก และมีหน่วยกิตเท่าไร?,"เลือก, หน่วยกิต 3(3-0-6)",133;204,
หมวดศึกษาทั่วไป,วิชา PUBLIC ADMINISTRATION AND PUBLIC POLICY IN THE 21st CENTURY (90643037) เป็นวิชาบังคับหรือวิชาเลือก และมีหน่วยกิตเท่าไร?,"เลือก, หน่วยกิต 3(3-0-6)",133;204;211,
หมวดศึกษาทั่วไป,วิชา REBRANDING (90643038) เป็นวิชาบังคับหรือวิชาเลือก และมีหน่วยกิตเท่าไร?,"เลือก, หน่วยกิต 3(3-0-6)",133;205;211,
หมวดศึกษาทั่วไป,วิชา PRACTICE UNDER LANGUAGE AND COMMUNICATION SKILLS 1 (90644001) เป็นวิชาบังคับหรือวิชาเลือก และมีหน่วยกิตเท่าไร?,"เลือก, หน่วยกิต 1(0-2-1)",133;205;211,
หมวดศึกษาทั่วไป,วิชา PRACTICE UNDER LANGUAGE AND COMMUNICATION SKILLS 2 (90644002) เป็นวิชาบังคับหรือวิชาเลือก และมีหน่วยกิตเท่าไร?,"เลือก, หน่วยกิต 2(0-4-2)",133;211,
หมวดศึกษาทั่วไป,วิชา PRACTICE UNDER LANGUAGE AND COMMUNICATION SKILLS 3 (90644003) เป็นวิชาบังคับหรือวิชาเลือก และมีหน่วยกิตเท่าไร?,"เลือก, หน่วยกิต 3(0-6-3)",133;205;211,
หมวดศึกษาทั่วไป,วิชา ACADEMIC LISTENING AND SPEAKING (90644004) เป็นวิชาบังคับหรือวิชาเลือก และมีหน่วยกิตเท่าไร?,"เลือก, หน่วยกิต 0(4-0-8)",133;137;206;211,
หมวดศึกษาทั่วไป,วิชา ACADEMIC READING AND WRITING (90644005) เป็นวิชาบังคับหรือวิชาเลือก และมีหน่วยกิตเท่าไร?,"เลือก, หน่วยกิต 0(4-0-8)",133;137;206;211,
หมวดศึกษาทั่วไป,วิชา PREPARATORY ENGLISH (90644006) เป็นวิชาบังคับหรือวิชาเลือก และมีหน่วยกิตเท่าไร?,"เลือก, หน่วยกิต 0(3-0-6)",134;137;206;211,
หมวดศึกษาทั่วไป,วิชา FOUNDATION ENGLISH 1 (90644007) เป็นวิชาบังคับหรือวิชาเลือก และมีหน่วยกิตเท่าไร?,"เลือก, หน่วยกิต 3(3-0-6)",14;121;134;207;211;350,
หมวดศึกษาทั่วไป,วิชา FOUNDATION ENGLISH 2 (90644008) เป็นวิชาบังคับหรือวิชาเลือก และมีหน่วยกิตเท่าไร?,"เลือก, หน่วยกิต 3(3-0-6)",14;121;134;207;211;350,
หมวดศึกษาทั่วไป,วิชา BASIC ENGLISH PRONUNCIATION (90644009) เป็นวิชาบังคับหรือวิชาเลือก และมีหน่วยกิตเท่าไร?,"เลือก, หน่วยกิต 3(3-0-6)",134;207;212,
หมวดศึกษาทั่วไป,วิชา DEVELOPMENT OF READING AND WRITING SKILLS IN ENGLISH (90644010) เป็นวิชาบังคับหรือวิชาเลือก และมีหน่วยกิตเท่าไร?,"เลือก, หน่วยกิต 3(3-0-6)",134;207,
หมวดศึกษาทั่วไป,วิชา ENGLISH FOR ACADEMIC PURPOSES (90644011) เป็นวิชาบังคับหรือวิชาเลือก และมีหน่วยกิตเท่าไร?,"เลือก, หน่วยกิต 3(3-0-6)",134;208;212,
หมวดศึกษาทั่วไป,วิชา ENGLISH FOR COMMUNICATION (90644012) เป็นวิชาบังคับหรือวิชาเลือก และมีหน่วยกิตเท่าไร?,"เลือก, หน่วยกิต 3(3-0-6)",134;208;212,
หมวดศึกษาทั่วไป,วิชา ENGLISH FOR COMMUNICATIVE WRITING (90644013) เป็นวิชาบังคับหรือวิชาเลือก และมีหน่วยกิตเท่าไร?,"เลือก, หน่วยกิต 3(3-0-6)",134;208;212,
หมวดศึกษาทั่วไป,วิชา ENGLISH FOR PROFESSIONAL COMMUNICATION (90644014) เป็นวิชาบังคับหรือวิชาเลือก และมีหน่วยกิตเท่าไร?,"เลือก, หน่วยกิต 3(3-0-6)",134;208;212,
หมวดศึกษาทั่วไป,วิชา ENGLISH FOR FURTHER STUDIES (90644015) เป็นวิชาบังคับหรือวิชาเลือก และมีหน่วยกิตเท่าไร?,"เลือก, หน่วยกิต 3(3-0-6)",134;209,
หมวดศึกษาทั่วไป,วิชา ENGLISH FOR INDUSTRY (90644016) เป็นวิชาบังคับหรือวิชาเลือก และมีหน่วยกิตเท่าไร?,"เลือก, หน่วยกิต 3(3-0-6)",134;209;256,
หมวดศึกษาทั่วไป,วิชา ENGLISH FOR BUSINESS (90644017) เป็นวิชาบังคับหรือวิชาเลือก และมีหน่วยกิตเท่าไร?,"เลือก, หน่วยกิต 3(3-0-6)",134;209;212,
หมวดศึกษาทั่วไป,วิชา ENGLISH FOR MARKETING (90644018) เป็นวิชาบังคับหรือวิชาเลือก และมีหน่วยกิตเท่าไร?,"เลือก, หน่วยกิต 3(3-0-6)",134;209;212,
หมวดศึกษาทั่วไป,วิชา ENGLISH FOR MANAGEMENT (90644019) เป็นวิชาบังคับหรือวิชาเลือก และมีหน่วยกิตเท่าไร?,"เลือก, หน่วยกิต 3(3-0-6)",134;210;212,
หมวดศึกษาทั่วไป,วิชา ENGLISH FOR MADIA (90644020) เป็นวิชาบังคับหรือวิชาเลือก และมีหน่วยกิตเท่าไร?,"เลือก, หน่วยกิต 3(3-0-6)",134;210,
หมวดศึกษาทั่วไป,วิชา ENGLISH FOR INTERCURAL COMMUNICATION (90644021) เป็นวิชาบังคับหรือวิชาเลือก และมีหน่วยกิตเท่าไร?,"เลือก, หน่วยกิต 3(3-0-6)",134;210;212,
หมวดศึกษาทั่วไป,วิชา ENGLISH FOR PROFESSIONAL PURPOSES (90644022) เป็นวิชาบังคับหรือวิชาเลือก และมีหน่วยกิตเท่าไร?,"เลือก, หน่วยกิต 3(3-0-6)",134;210;212,
หมวดศึกษาทั่วไป,วิชา ENGLISH FOR WORK PREPATION (90644023) เป็นวิชาบังคับหรือวิชาเลือก และมีหน่วยกิตเท่าไร?,"เลือก, หน่วยกิต 3(3-0-6)",134;211;257,
หมวดศึกษาทั่วไป,วิชา ENGLISH FOR TOURISM AND TRAVELLING (90644024) เป็นวิชาบังคับหรือวิชาเลือก และมีหน่วยกิตเท่าไร?,"เลือก, หน่วยกิต 3(3-0-6)",134;211;212,
หมวดศึกษาทั่วไป,วิชา ENGLISH FOR ARCHITECTURAL ARTS & DESIGN COMMUNICATION (90644025) เป็นวิชาบังคับหรือวิชาเลือก และมีหน่วยกิตเท่าไร?,"เลือก, หน่วยกิต 3(3-0-6)",135;211;212,
หมวดศึกษาทั่วไป,วิชา ENGLISH FOR ARCHITECTURAL ARTS & DESIGN PRESENTATION (90644026) เป็นวิชาบังคับหรือวิชาเลือก และมีหน่วยกิตเท่าไร?,"เลือก, หน่วยกิต 3(3-0-6)",135;211;213,
หมวดศึกษาทั่วไป,วิชา ENGLISH FOR NARRATIVE WRITING (90644027) เป็นวิชาบังคับหรือวิชาเลือก และมีหน่วยกิตเท่าไร?,"เลือก, หน่วยกิต 3(3-0-6)",135;212,
หมวดศึกษาทั่วไป,วิชา ENGLISH FOR DESIGN (90644028) เป็นวิชาบังคับหรือวิชาเลือก และมีหน่วยกิตเท่าไร?,"เลือก, หน่วยกิต 3(3-0-6)",135;212,
หมวดศึกษาทั่วไป,วิชา ENGLISH FOR HEALTH PROFESSIONS (90644029) เป็นวิชาบังคับหรือวิชาเลือก และมีหน่วยกิตเท่าไร?,"เลือก, หน่วยกิต 3(2-2-5)",135;212,
หมวดศึกษาทั่วไป,วิชา ENGLISH FOR PUBLIC RELATIONS (90644030) เป็นวิชาบังคับหรือวิชาเลือก และมีหน่วยกิตเท่าไร?,"เลือก, หน่วยกิต 3(3-0-6)",135;212,
หมวดศึกษาทั่วไป,วิชา ENGLISH FOR SCIENCE AND TECHNOLOGY (90644031) เป็นวิชาบังคับหรือวิชาเลือก และมีหน่วยกิตเท่าไร?,"เลือก, หน่วยกิต 3(3-0-6)",135;213,
หมวดศึกษาทั่วไป,วิชา ENGLISH FOR AVIATION (90644032) เป็นวิชาบังคับหรือวิชาเลือก และมีหน่วยกิตเท่าไร?,"เลือก, หน่วยกิต 3(3-0-6)",135;213,
หมวดศึกษาทั่วไป,วิชา WRITING AND SPEAKING IN THE PROFESSIONS (90644033) เป็นวิชาบังคับหรือวิชาเลือก และมีหน่วยกิตเท่าไร?,"เลือก, หน่วยกิต 3(3-0-6)",135;213,
หมวดศึกษาทั่วไป,วิชา TECHNICAL WRITING (90644034) เป็นวิชาบังคับหรือวิชาเลือก และมีหน่วยกิตเท่าไร?,"เลือก, หน่วยกิต 3(3-0-6)",135;213,
หมวดศึกษาทั่วไป,วิชา ACADEMIC READING AND WRITING FOR HEALTH SCIENCES (90644035) เป็นวิชาบังคับหรือวิชาเลือก และมีหน่วยกิตเท่าไร?,"เลือก, หน่วยกิต 3(2-2-5)",135;213;214;249,
หมวดศึกษาทั่วไป,วิชา ENLISH SKILL DEVELOPMENT FOR LIFE-LONG LEARNING (90644036) เป็นวิชาบังคับหรือวิชาเลือก และมีหน่วยกิตเท่าไร?,"เลือก, หน่วยกิต 3(3-0-6)",135;214,
หมวดศึกษาทั่วไป,วิชา CROSS CULTURAL COMMUNICATION (90644037) เป็นวิชาบังคับหรือวิชาเลือก และมีหน่วยกิตเท่าไร?,"เลือก, หน่วยกิต 3(3-0-6)",135;214,
หมวดศึกษาทั่วไป,วิชา INNOVATIVE COMMUNICATION (90644038) เป็นวิชาบังคับหรือวิชาเลือก และมีหน่วยกิตเท่าไร?,"เลือก, หน่วยกิต 4(4-0-8)",135;215,
หมวดศึกษาทั่วไป,วิชา COMMUNICATION SKILLS THROUGH DEBATE (90644039) เป็นวิชาบังคับหรือวิชาเลือก และมีหน่วยกิตเท่าไร?,"เลือก, หน่วยกิต 3(3-0-6)",135;213;215;257,
หมวดศึกษาทั่วไป,วิชา COMMUNICATION SKILLS THROUGH DRAMA (90644040) เป็นวิชาบังคับหรือวิชาเลือก และมีหน่วยกิตเท่าไร?,"เลือก, หน่วยกิต 3(3-0-6)",135;215;274,
หมวดศึกษาทั่วไป,วิชา ENGLISH FROM ENTERTAINMENT MEDIA (90644041) เป็นวิชาบังคับหรือวิชาเลือก และมีหน่วยกิตเท่าไร?,"เลือก, หน่วยกิต 3(3-0-6)",135;215,
หมวดศึกษาทั่วไป,วิชา PROFESSIONAL COMMUNICATION AND PRESENTATION (90644042) เป็นวิชาบังคับหรือวิชาเลือก และมีหน่วยกิตเท่าไร?,"เลือก, หน่วยกิต 3(3-0-6)",14;25;32;135;216;256;257;274;351,
หมวดศึกษาทั่วไป,วิชา PUBLIC SPEAKING (90644043) เป็นวิชาบังคับหรือวิชาเลือก และมีหน่วยกิตเท่าไร?,"เลือก, หน่วยกิต 3(3-0-6)",135;216,
หมวดศึกษาทั่วไป,วิชา BEST SPEECH (90644044) เป็นวิชาบังคับหรือวิชาเลือก และมีหน่วยกิตเท่าไร?,"เลือก, หน่วยกิต 3(3-0-6)",136;216,
หมวดศึกษาทั่วไป,วิชา RESEARCH PAPER WRITING (90644045) เป็นวิชาบังคับหรือวิชาเลือก และมีหน่วยกิตเท่าไร?,"เลือก, หน่วยกิต 3(3-0-6)",136;216,
หมวดศึกษาทั่วไป,วิชา LISTENING AND READING FOR IMPROVING LIFE QUALITY (90644046) เป็นวิชาบังคับหรือวิชาเลือก และมีหน่วยกิตเท่าไร?,"เลือก, หน่วยกิต 3(3-0-6)",136;217;274,
หมวดศึกษาทั่วไป,วิชา DEVELOPMENT OF THAI CREATIVE WRITING SKILLS (90644047) เป็นวิชาบังคับหรือวิชาเลือก และมีหน่วยกิตเท่าไร?,"เลือก, หน่วยกิต 3(3-0-6)",136;217;274,
หมวดศึกษาทั่วไป,วิชา LANGUAGE IN THAI SOCIETY (90644048) เป็นวิชาบังคับหรือวิชาเลือก และมีหน่วยกิตเท่าไร?,"เลือก, หน่วยกิต 3(3-0-6)",136;217,
หมวดศึกษาทั่วไป,วิชา THAI LANGUAGE FOR CREATIVITY (90644049) เป็นวิชาบังคับหรือวิชาเลือก และมีหน่วยกิตเท่าไร?,"เลือก, หน่วยกิต 3(3-0-6)",136;217,
หมวดศึกษาทั่วไป,วิชา THAI WRITING IN WORKPLACE (90644050) เป็นวิชาบังคับหรือวิชาเลือก และมีหน่วยกิตเท่าไร?,"เลือก, หน่วยกิต 3(3-0-6)",136;218;257,
หมวดศึกษาทั่วไป,วิชา THAI FOR DENTAL PROFESSIONS (90644051) เป็นวิชาบังคับหรือวิชาเลือก และมีหน่วยกิตเท่าไร?,"เลือก, หน่วยกิต 3(3-0-6)",136;218,
หมวดศึกษาทั่วไป,วิชา COMMUNICATION IN THAI FOR CULINARY PROFESSIONALS (90644052) เป็นวิชาบังคับหรือวิชาเลือก และมีหน่วยกิตเท่าไร?,"เลือก, หน่วยกิต 3(3-0-6)",136;218;274,
หมวดศึกษาทั่วไป,วิชา FUNDAMENTAL CHINESE FOR LISTENING AND SPEAKING (90644053) เป็นวิชาบังคับหรือวิชาเลือก และมีหน่วยกิตเท่าไร?,"เลือก, หน่วยกิต 3(3-0-6)",136;218;250,
หมวดศึกษาทั่วไป,วิชา FUNDAMENTAL CHINESE READING AND WRITING (90644054) เป็นวิชาบังคับหรือวิชาเลือก และมีหน่วยกิตเท่าไร?,"เลือก, หน่วยกิต 3(3-0-6)",136;219;274,
หมวดศึกษาทั่วไป,วิชา BASIC CHINESE GRAMMAR AND CHINESE IDIOMS AND PROVERBS (90644055) เป็นวิชาบังคับหรือวิชาเลือก และมีหน่วยกิตเท่าไร?,"เลือก, หน่วยกิต 3(3-0-6)",136;219;251;274,
หมวดศึกษาทั่วไป,วิชา CHINESE CULTURE IDIOMS AND PROVERBS (90644056) เป็นวิชาบังคับหรือวิชาเลือก และมีหน่วยกิตเท่าไร?,"เลือก, หน่วยกิต 3(3-0-6)",136;219;275,
หมวดศึกษาทั่วไป,วิชา CHINESE FOR COMMUNUCATION (90644057) เป็นวิชาบังคับหรือวิชาเลือก และมีหน่วยกิตเท่าไร?,"เลือก, หน่วยกิต 3(3-0-6)",136;219;253,
หมวดศึกษาทั่วไป,วิชา CHINESE FANDOM (90644058) เป็นวิชาบังคับหรือวิชาเลือก และมีหน่วยกิตเท่าไร?,"เลือก, หน่วยกิต 3(3-0-6)",136;219,
หมวดศึกษาทั่วไป,วิชา CHINESE FOR TRAVEL (90644059) เป็นวิชาบังคับหรือวิชาเลือก และมีหน่วยกิตเท่าไร?,"เลือก, หน่วยกิต 3(3-0-6)",136;220,
หมวดศึกษาทั่วไป,วิชา GERMAN FOR COMMUNUCATION (90644060) เป็นวิชาบังคับหรือวิชาเลือก และมีหน่วยกิตเท่าไร?,"เลือก, หน่วยกิต 3(3-0-6)",136;220,
หมวดศึกษาทั่วไป,วิชา GERMAN FOR WORK AND BUSINESS (90644061) เป็นวิชาบังคับหรือวิชาเลือก และมีหน่วยกิตเท่าไร?,"เลือก, หน่วยกิต 3(3-0-6)",136;220,
หมวดศึกษาทั่วไป,วิชา JAPANESE FOR COMMUNICATION (90644062) เป็นวิชาบังคับหรือวิชาเลือก และมีหน่วยกิตเท่าไร?,"เลือก, หน่วยกิต 3(3-0-6)",136;221;253,
หมวดศึกษาทั่วไป,วิชา JAPANESE FOR TRAVEL (90644063) เป็นวิชาบังคับหรือวิชาเลือก และมีหน่วยกิตเท่าไร?,"เลือก, หน่วยกิต 3(3-0-6)",137;221,
หมวดศึกษาทั่วไป,วิชา KOREAN FOR TRAVEL (90644064) เป็นวิชาบังคับหรือวิชาเลือก และมีหน่วยกิตเท่าไร?,"เลือก, หน่วยกิต 3(3-0-6)",137;221,
หมวดศึกษาทั่วไป,วิชา VIETNAMESE FOR TRAVEL (90644065) เป็นวิชาบังคับหรือวิชาเลือก และมีหน่วยกิตเท่าไร?,"เลือก, หน่วยกิต 3(3-0-6)",137;221,
หมวดศึกษาทั่วไป,วิชา MALAY FOR TRAVEL (90644066) เป็นวิชาบังคับหรือวิชาเลือก และมีหน่วยกิตเท่าไร?,"เลือก, หน่วยกิต 3(3-0-6)",137;222,
หมวดศึกษาทั่วไป,วิชา CHARM SCHOOL (90641001) เป็นวิชาบังคับหรือวิชาเลือก และมีหน่วยกิตเท่าไร?,"เลือก, หน่วยกิต 2(1-2-3)",16;26;34;ocr138;ocr140;ocr166;ocr249;ocr277;ocr384,
หมวดศึกษาทั่วไป,วิชา DIGITAL INTELLIGENCE QUOTIENT (90641002) เป็นวิชาบังคับหรือวิชาเลือก และมีหน่วยกิตเท่าไร?,"เลือก, หน่วยกิต 3(3-0-6)",16;28;35;ocr138;ocr140;ocr166;ocr249;ocr277;ocr384,
หมวดศึกษาทั่วไป,วิชา SPORTS AND RECREATIONAL ACTIVITIES (90641003) เป็นวิชาบังคับหรือวิชาเลือก และมีหน่วยกิตเท่าไร?,"เลือก, หน่วยกิต 1(0-3-2)",17;26;34;ocr138;ocr140;ocr166;ocr249;ocr277;ocr384,
หมวดศึกษาทั่วไป,วิชา PRACTICE UNDER PERSONAL AND PROFESSIONAL SKILLS 1 (90642001) เป็นวิชาบังคับหรือวิชาเลือก และมีหน่วยกิตเท่าไร?,"เลือก, หน่วยกิต 1(0-2-1)",ocr140;ocr167;ocr277,
หมวดศึกษาทั่วไป,วิชา PRACTICE UNDER PERSONAL AND PROFESSIONAL SKILLS 2 (90642002) เป็นวิชาบังคับหรือวิชาเลือก และมีหน่วยกิตเท่าไร?,"เลือก, หน่วยกิต 2(0-4-2)",ocr140;ocr167;ocr277,
หมวดศึกษาทั่วไป,วิชา PRACTICE UNDER PERSONAL AND PROFESSIONAL SKILLS 3 (90642003) เป็นวิชาบังคับหรือวิชาเลือก และมีหน่วยกิตเท่าไร?,"เลือก, หน่วยกิต 3(0-6-3)",ocr140;ocr167;ocr277,
หมวดศึกษาทั่วไป,วิชา ANALYTICAL THINKING (90642004) เป็นวิชาบังคับหรือวิชาเลือก และมีหน่วยกิตเท่าไร?,"เลือก, หน่วยกิต 1(1-0-2)",ocr140;ocr167,
หมวดศึกษาทั่วไป,วิชา CREATIVE THINKING (90642005) เป็นวิชาบังคับหรือวิชาเลือก และมีหน่วยกิตเท่าไร?,"เลือก, หน่วยกิต 1(1-0-2)",ocr140;ocr168,
หมวดศึกษาทั่วไป,วิชา INNOVATIVE THINKING (90642006) เป็นวิชาบังคับหรือวิชาเลือก และมีหน่วยกิตเท่าไร?,"เลือก, หน่วยกิต 1(1-0-2)",ocr140;ocr168;ocr277,
หมวดศึกษาทั่วไป,วิชา POSITIVE THINKING (90642007) เป็นวิชาบังคับหรือวิชาเลือก และมีหน่วยกิตเท่าไร?,"เลือก, หน่วยกิต 1(1-0-2)",ocr140;ocr168,
หมวดศึกษาทั่วไป,วิชา PROBLEM SOLVING (90642008) เป็นวิชาบังคับหรือวิชาเลือก และมีหน่วยกิตเท่าไร?,"เลือก, หน่วยกิต 1(1-0-2)",ocr140;ocr168,
หมวดศึกษาทั่วไป,วิชา STRATEGIC THINKING (90642009) เป็นวิชาบังคับหรือวิชาเลือก และมีหน่วยกิตเท่าไร?,"เลือก, หน่วยกิต 1(1-0-2)",ocr140;ocr169;ocr277,
หมวดศึกษาทั่วไป,วิชา SYSTEM THINKING (90642010) เป็นวิชาบังคับหรือวิชาเลือก และมีหน่วยกิตเท่าไร?,"เลือก, หน่วยกิต 1(1-0-2)",ocr140;ocr169;ocr277,
หมวดศึกษาทั่วไป,วิชา CRITICAL THINKING (90642011) เป็นวิชาบังคับหรือวิชาเลือก และมีหน่วยกิตเท่าไร?,"เลือก, หน่วยกิต 3(3-0-6)",ocr140;ocr169,
หมวดศึกษาทั่วไป,วิชา DESIGN THINKING (90642012) เป็นวิชาบังคับหรือวิชาเลือก และมีหน่วยกิตเท่าไร?,"เลือก, หน่วยกิต 3(3-0-6)",ocr140;ocr169;ocr273;ocr274;ocr278,
หมวดศึกษาทั่วไป,วิชา INTEGRATED THINKING (90642013) เป็นวิชาบังคับหรือวิชาเลือก และมีหน่วยกิตเท่าไร?,"เลือก, หน่วยกิต 3(3-0-6)",ocr140;ocr170;ocr271;ocr275;ocr278,
หมวดศึกษาทั่วไป,วิชา INNOVATIVE AND SYSTEM THINKING (90642014) เป็นวิชาบังคับหรือวิชาเลือก และมีหน่วยกิตเท่าไร?,"เลือก, หน่วยกิต 3(3-0-6)",ocr140;ocr170;ocr278,
หมวดศึกษาทั่วไป,วิชา CREATIVE THINKING AND INNOVATION (90642015) เป็นวิชาบังคับหรือวิชาเลือก และมีหน่วยกิตเท่าไร?,"เลือก, หน่วยกิต 3(3-0-6)",ocr141;ocr170;ocr272,
หมวดศึกษาทั่วไป,วิชา DESIGN METHODS FOR INNOVATION (90642016) เป็นวิชาบังคับหรือวิชาเลือก และมีหน่วยกิตเท่าไร?,"เลือก, หน่วยกิต 4(4-0-8)",ocr141;ocr171;ocr278,
หมวดศึกษาทั่วไป,วิชา INNOVATION UNBOXED (90642017) เป็นวิชาบังคับหรือวิชาเลือก และมีหน่วยกิตเท่าไร?,"เลือก, หน่วยกิต 3(3-0-6)",ocr141;ocr171;ocr270;ocr278,
หมวดศึกษาทั่วไป,วิชา CREATIVE PRODUCTION TECHNOLOGY (90642018) เป็นวิชาบังคับหรือวิชาเลือก และมีหน่วยกิตเท่าไร?,"เลือก, หน่วยกิต 3(3-0-6)",ocr141;ocr171;ocr271;ocr278,
หมวดศึกษาทั่วไป,วิชา BASIC CREATIVE STEM DESIGN (90642019) เป็นวิชาบังคับหรือวิชาเลือก และมีหน่วยกิตเท่าไร?,"เลือก, หน่วยกิต 3(3-0-6)",ocr141;ocr280,
หมวดศึกษาทั่วไป,วิชา ADVANCE CREATIVE STEM DESIGN (90642020) เป็นวิชาบังคับหรือวิชาเลือก และมีหน่วยกิตเท่าไร?,"เลือก, หน่วยกิต 3(3-0-6)",ocr141;ocr172;ocr278;ocr279,
หมวดศึกษาทั่วไป,วิชา JUNK DESIGN (90642021) เป็นวิชาบังคับหรือวิชาเลือก และมีหน่วยกิตเท่าไร?,"เลือก, หน่วยกิต 3(3-0-6)",ocr141;ocr172;ocr278,
หมวดศึกษาทั่วไป,วิชา PHILOSOPHY OF SCIENCE (90642022) เป็นวิชาบังคับหรือวิชาเลือก และมีหน่วยกิตเท่าไร?,"เลือก, หน่วยกิต 3(3-0-6)",ocr141;ocr173;ocr278,
หมวดศึกษาทั่วไป,วิชา EMERGING TRENDS IN ENGINEERING (90642023) เป็นวิชาบังคับหรือวิชาเลือก และมีหน่วยกิตเท่าไร?,"เลือก, หน่วยกิต 1(1-0-2)",ocr141;ocr173;ocr251;ocr278,
หมวดศึกษาทั่วไป,วิชา PROFESSIONAL INFORMATION ANALYSIS AND ACADEMIC PRESENTATION (90642024) เป็นวิชาบังคับหรือวิชาเลือก และมีหน่วยกิตเท่าไร?,"เลือก, หน่วยกิต 3(3-0-6)",ocr141;ocr173;ocr272;ocr278,
หมวดศึกษาทั่วไป,วิชา FATCS BEHIND NUMBERS (90642025) เป็นวิชาบังคับหรือวิชาเลือก และมีหน่วยกิตเท่าไร?,"เลือก, หน่วยกิต 3(3-0-6)",ocr141;ocr174,
หมวดศึกษาทั่วไป,วิชา RESEARCH SKILL DEVELOPMENT (90642026) เป็นวิชาบังคับหรือวิชาเลือก และมีหน่วยกิตเท่าไร?,"เลือก, หน่วยกิต 3(3-0-6)",ocr141;ocr174;ocr272,
หมวดศึกษาทั่วไป,วิชา INTERPRETATION AND ARGUMENT (90642027) เป็นวิชาบังคับหรือวิชาเลือก และมีหน่วยกิตเท่าไร?,"เลือก, หน่วยกิต 4(4-0-8)",ocr141;ocr174;ocr278,
หมวดศึกษาทั่วไป,วิชา GAMBLING LITERACY (90642028) เป็นวิชาบังคับหรือวิชาเลือก และมีหน่วยกิตเท่าไร?,"เลือก, หน่วยกิต 3(3-0-6)",ocr141;ocr175;ocr278,
หมวดศึกษาทั่วไป,"วิชา MEDICAL ETHICS, LAWS AND PROFESSIONALOSM (90642029) เป็นวิชาบังคับหรือวิชาเลือก และมีหน่วยกิตเท่าไร?","เลือก, หน่วยกิต 3(2-2-5)",ocr141;ocr175;ocr278,
หมวดศึกษาทั่วไป,วิชา ENGINEERING ETHICS AND LAWS (90642030) เป็นวิชาบังคับหรือวิชาเลือก และมีหน่วยกิตเท่าไร?,"เลือก, หน่วยกิต 3(3-0-6)",ocr141;ocr175;ocr270,
หมวดศึกษาทั่วไป,วิชา PROFESSIONAL ETHICS AND LAWS (90642031) เป็นวิชาบังคับหรือวิชาเลือก และมีหน่วยกิตเท่าไร?,"เลือก, หน่วยกิต 3(3-0-6)",ocr141;ocr175;ocr279,
หมวดศึกษาทั่วไป,วิชา LAW FOR ENTREPRENEURS (90642032) เป็นวิชาบังคับหรือวิชาเลือก และมีหน่วยกิตเท่าไร?,"เลือก, หน่วยกิต 3(3-0-6)",ocr141;ocr176;ocr279,
หมวดศึกษาทั่วไป,วิชา LAW FOR NEW GENERATION (90642033) เป็นวิชาบังคับหรือวิชาเลือก และมีหน่วยกิตเท่าไร?,"เลือก, หน่วยกิต 3(3-0-6)",17;32;40;ocr141;ocr176;ocr273;ocr384,
หมวดศึกษาทั่วไป,วิชา LAW AND REGULATION IN AVIATION INDUSTRY (90642034) เป็นวิชาบังคับหรือวิชาเลือก และมีหน่วยกิตเท่าไร?,"เลือก, หน่วยกิต 3(3-0-6)",ocr142;ocr176;ocr279,
หมวดศึกษาทั่วไป,วิชา INDUSTRIAL EXPERIENCE FOR ENGINEERS (90642035) เป็นวิชาบังคับหรือวิชาเลือก และมีหน่วยกิตเท่าไร?,"เลือก, หน่วยกิต 3(0-18-0)",ocr142;ocr177;ocr270;ocr279,
หมวดศึกษาทั่วไป,วิชา PRE-ACTIVITIES FOR ENGINEERS (90642036) เป็นวิชาบังคับหรือวิชาเลือก และมีหน่วยกิตเท่าไร?,"เลือก, หน่วยกิต 1(0-3-0)",ocr142;ocr177;ocr270,
หมวดศึกษาทั่วไป,วิชา PROFESSIONAL SKILLS AND ISSUES (90642037) เป็นวิชาบังคับหรือวิชาเลือก และมีหน่วยกิตเท่าไร?,"เลือก, หน่วยกิต 3(3-0-6)",ocr142;ocr177;ocr279,
หมวดศึกษาทั่วไป,วิชา OCCUPATIONAL SAFETY AND HEALTH (90642038) เป็นวิชาบังคับหรือวิชาเลือก และมีหน่วยกิตเท่าไร?,"เลือก, หน่วยกิต 3(3-0-6)",ocr142;ocr178;ocr270;ocr279,
หมวดศึกษาทั่วไป,วิชา QUICK-FIX @ HOME (90642039) เป็นวิชาบังคับหรือวิชาเลือก และมีหน่วยกิตเท่าไร?,"เลือก, หน่วยกิต 3(3-0-6)",ocr142;ocr178;ocr279,
หมวดศึกษาทั่วไป,วิชา COFFEE MANIA (90642040) เป็นวิชาบังคับหรือวิชาเลือก และมีหน่วยกิตเท่าไร?,"เลือก, หน่วยกิต 3(3-0-6)",ocr142;ocr178;ocr279,
หมวดศึกษาทั่วไป,วิชา DORM CHEF (90642041) เป็นวิชาบังคับหรือวิชาเลือก และมีหน่วยกิตเท่าไร?,"เลือก, หน่วยกิต 3(3-0-6)",ocr142;ocr178,
หมวดศึกษาทั่วไป,วิชา SCIENCE AND ART OF MEATS (90642042) เป็นวิชาบังคับหรือวิชาเลือก และมีหน่วยกิตเท่าไร?,"เลือก, หน่วยกิต 3(3-0-6)",ocr142;ocr179;ocr279,
หมวดศึกษาทั่วไป,วิชา SCIENCE OF BURGER (90642043) เป็นวิชาบังคับหรือวิชาเลือก และมีหน่วยกิตเท่าไร?,"เลือก, หน่วยกิต 3(3-0-6)",ocr142;ocr179;ocr279,
หมวดศึกษาทั่วไป,วิชา WORLD OF SAUSAGES (90642044) เป็นวิชาบังคับหรือวิชาเลือก และมีหน่วยกิตเท่าไร?,"เลือก, หน่วยกิต 3(3-0-6)",ocr142;ocr179,
หมวดศึกษาทั่วไป,วิชา BE MY BEV. (90642045) เป็นวิชาบังคับหรือวิชาเลือก และมีหน่วยกิตเท่าไร?,"เลือก, หน่วยกิต 3(3-0-6)",ocr142;ocr179;ocr279,
หมวดศึกษาทั่วไป,วิชา RICE-SARA (90642046) เป็นวิชาบังคับหรือวิชาเลือก และมีหน่วยกิตเท่าไร?,"เลือก, หน่วยกิต 3(3-0-6)",ocr142;ocr180;ocr279,
หมวดศึกษาทั่วไป,วิชา TREE DOCTOR (90642047) เป็นวิชาบังคับหรือวิชาเลือก และมีหน่วยกิตเท่าไร?,"เลือก, หน่วยกิต 3(3-0-6)",ocr142;ocr180;ocr279,
หมวดศึกษาทั่วไป,วิชา FUN WITH DRUGS AND HERBS (90642048) เป็นวิชาบังคับหรือวิชาเลือก และมีหน่วยกิตเท่าไร?,"เลือก, หน่วยกิต 3(3-0-6)",ocr142;ocr180,
หมวดศึกษาทั่วไป,วิชา MICROBIAL UTILIZATION FOR DAILY LIFE (90642049) เป็นวิชาบังคับหรือวิชาเลือก และมีหน่วยกิตเท่าไร?,"เลือก, หน่วยกิต 3(3-0-6)",ocr142;ocr181;ocr273,
หมวดศึกษาทั่วไป,วิชา MEDICINAL PLANTS (90642050) เป็นวิชาบังคับหรือวิชาเลือก และมีหน่วยกิตเท่าไร?,"เลือก, หน่วยกิต 3(3-0-6)",ocr142;ocr181,
หมวดศึกษาทั่วไป,วิชา BIOTECHNOLOGY FOR BETTER LIVING (90642051) เป็นวิชาบังคับหรือวิชาเลือก และมีหน่วยกิตเท่าไร?,"เลือก, หน่วยกิต 3(3-0-6)",ocr142;ocr181,
หมวดศึกษาทั่วไป,วิชา GENES & GENETICS : FROM HELIX TO HEREDITARY (90642052) เป็นวิชาบังคับหรือวิชาเลือก และมีหน่วยกิตเท่าไร?,"เลือก, หน่วยกิต 3(3-0-6)",ocr142;ocr182,
หมวดศึกษาทั่วไป,วิชา INTERESTING MOLECULAR GENETICS (90642053) เป็นวิชาบังคับหรือวิชาเลือก และมีหน่วยกิตเท่าไร?,"เลือก, หน่วยกิต 3(3-0-6)",ocr143;ocr182,
หมวดศึกษาทั่วไป,วิชา GUARDIANS OF OUR BODIES (90642054) เป็นวิชาบังคับหรือวิชาเลือก และมีหน่วยกิตเท่าไร?,"เลือก, หน่วยกิต 3(3-0-6)",ocr143;ocr182,
หมวดศึกษาทั่วไป,วิชา LIVING WITH MICROBES (90642055) เป็นวิชาบังคับหรือวิชาเลือก และมีหน่วยกิตเท่าไร?,"เลือก, หน่วยกิต 3(3-0-6)",ocr143;ocr183,
หมวดศึกษาทั่วไป,วิชา EPIDEMICS IN THE 21st CENTURY (90642056) เป็นวิชาบังคับหรือวิชาเลือก และมีหน่วยกิตเท่าไร?,"เลือก, หน่วยกิต 3(3-0-6)",ocr143;ocr183;ocr280,
หมวดศึกษาทั่วไป,วิชา IMMUNITY THROUGH MEDIA (90642057) เป็นวิชาบังคับหรือวิชาเลือก และมีหน่วยกิตเท่าไร?,"เลือก, หน่วยกิต 3(3-0-6)",ocr143;ocr183;ocr280,
หมวดศึกษาทั่วไป,วิชา UNDERSTANDING HEALTH POLICY AND PUBLIC WELFARE (90642058) เป็นวิชาบังคับหรือวิชาเลือก และมีหน่วยกิตเท่าไร?,"เลือก, หน่วยกิต 3(3-0-6)",ocr143;ocr183;ocr253,
หมวดศึกษาทั่วไป,วิชา MEDICINE AND LITERATURE (90642059) เป็นวิชาบังคับหรือวิชาเลือก และมีหน่วยกิตเท่าไร?,"เลือก, หน่วยกิต 3(3-0-6)",ocr143;ocr184;ocr280,
หมวดศึกษาทั่วไป,วิชา SELF-DISCOVERY (90642060) เป็นวิชาบังคับหรือวิชาเลือก และมีหน่วยกิตเท่าไร?,"เลือก, หน่วยกิต 3(3-0-6)",ocr143;ocr184,
หมวดศึกษาทั่วไป,วิชา WORLD OF INSECTS (90642061) เป็นวิชาบังคับหรือวิชาเลือก และมีหน่วยกิตเท่าไร?,"เลือก, หน่วยกิต 3(3-0-6)",ocr143;ocr184,
หมวดศึกษาทั่วไป,วิชา ALL ABOUT FOOD (90642062) เป็นวิชาบังคับหรือวิชาเลือก และมีหน่วยกิตเท่าไร?,"เลือก, หน่วยกิต 3(3-0-6)",ocr143;ocr185;ocr280,
หมวดศึกษาทั่วไป,วิชา HOLISTIC HEALTH DEVELOPMENT (90642063) เป็นวิชาบังคับหรือวิชาเลือก และมีหน่วยกิตเท่าไร?,"เลือก, หน่วยกิต 3(3-0-6)",ocr143;ocr185;ocr280;ocr281,
หมวดศึกษาทั่วไป,วิชา PETANQUE (90642064) เป็นวิชาบังคับหรือวิชาเลือก และมีหน่วยกิตเท่าไร?,"เลือก, หน่วยกิต 2(1-2-3)",ocr143;ocr185,
หมวดศึกษาทั่วไป,วิชา RUGBY FOOTBALL (90642065) เป็นวิชาบังคับหรือวิชาเลือก และมีหน่วยกิตเท่าไร?,"เลือก, หน่วยกิต 2(1-2-3)",ocr143;ocr185;ocr280,
หมวดศึกษาทั่วไป,วิชา SOCCER (90642066) เป็นวิชาบังคับหรือวิชาเลือก และมีหน่วยกิตเท่าไร?,"เลือก, หน่วยกิต 2(1-2-3)",ocr143;ocr186;ocr280,
หมวดศึกษาทั่วไป,วิชา SOFTBALL & BASEBALL (90642067) เป็นวิชาบังคับหรือวิชาเลือก และมีหน่วยกิตเท่าไร?,"เลือก, หน่วยกิต 2(1-2-3)",ocr143;ocr186;ocr282,
หมวดศึกษาทั่วไป,วิชา TENNIS (90642068) เป็นวิชาบังคับหรือวิชาเลือก และมีหน่วยกิตเท่าไร?,"เลือก, หน่วยกิต 2(1-2-3)",ocr143;ocr186;ocr281,
หมวดศึกษาทั่วไป,วิชา VOLLEYBALL (90642069) เป็นวิชาบังคับหรือวิชาเลือก และมีหน่วยกิตเท่าไร?,"เลือก, หน่วยกิต 2(1-2-3)",ocr143;ocr186,
หมวดศึกษาทั่วไป,วิชา GOLF (90642070) เป็นวิชาบังคับหรือวิชาเลือก และมีหน่วยกิตเท่าไร?,"เลือก, หน่วยกิต 2(1-2-3)",ocr143;ocr186,
หมวดศึกษาทั่วไป,วิชา BADMINTON (90642071) เป็นวิชาบังคับหรือวิชาเลือก และมีหน่วยกิตเท่าไร?,"เลือก, หน่วยกิต 2(1-2-3)",ocr143;ocr187;ocr281,
หมวดศึกษาทั่วไป,วิชา BASKETBALL (90642072) เป็นวิชาบังคับหรือวิชาเลือก และมีหน่วยกิตเท่าไร?,"เลือก, หน่วยกิต 2(1-2-3)",ocr144;ocr187,
หมวดศึกษาทั่วไป,วิชา CHESS (90642073) เป็นวิชาบังคับหรือวิชาเลือก และมีหน่วยกิตเท่าไร?,"เลือก, หน่วยกิต 2(1-2-3)",ocr144;ocr187;ocr281,
หมวดศึกษาทั่วไป,วิชา E-SPORTS (90642074) เป็นวิชาบังคับหรือวิชาเลือก และมีหน่วยกิตเท่าไร?,"เลือก, หน่วยกิต 3(2-2-5)",ocr144;ocr187,
หมวดศึกษาทั่วไป,วิชา KARATE (90642075) เป็นวิชาบังคับหรือวิชาเลือก และมีหน่วยกิตเท่าไร?,"เลือก, หน่วยกิต 2(1-2-3)",ocr144;ocr188,
หมวดศึกษาทั่วไป,วิชา SHOOTING (90642076) เป็นวิชาบังคับหรือวิชาเลือก และมีหน่วยกิตเท่าไร?,"เลือก, หน่วยกิต 2(1-2-3)",ocr144;ocr188;ocr281,
หมวดศึกษาทั่วไป,วิชา TABLE TENNIS (90642077) เป็นวิชาบังคับหรือวิชาเลือก และมีหน่วยกิตเท่าไร?,"เลือก, หน่วยกิต 2(1-2-3)",ocr144;ocr188;ocr281,
หมวดศึกษาทั่วไป,วิชา TAEKWONDO (90642078) เป็นวิชาบังคับหรือวิชาเลือก และมีหน่วยกิตเท่าไร?,"เลือก, หน่วยกิต 2(1-2-3)",ocr144;ocr188;ocr281,
หมวดศึกษาทั่วไป,วิชา JUDO (90642079) เป็นวิชาบังคับหรือวิชาเลือก และมีหน่วยกิตเท่าไร?,"เลือก, หน่วยกิต 2(1-2-3)",ocr144;ocr188,
หมวดศึกษาทั่วไป,วิชา INTRODUCTION TO MUSIC COMPOSITION (90642080) เป็นวิชาบังคับหรือวิชาเลือก และมีหน่วยกิตเท่าไร?,"เลือก, หน่วยกิต 3(3-0-6)",ocr144;ocr275,
หมวดศึกษาทั่วไป,วิชา RAP APPRECIATION (90642081) เป็นวิชาบังคับหรือวิชาเลือก และมีหน่วยกิตเท่าไร?,"เลือก, หน่วยกิต 3(3-0-6)",ocr144;ocr189;ocr281,
หมวดศึกษาทั่วไป,วิชา MUSIC APPRECIATION (90642082) เป็นวิชาบังคับหรือวิชาเลือก และมีหน่วยกิตเท่าไร?,"เลือก, หน่วยกิต 3(3-0-6)",ocr144;ocr189;ocr281,
หมวดศึกษาทั่วไป,วิชา FILM APPRECIATION (90642083) เป็นวิชาบังคับหรือวิชาเลือก และมีหน่วยกิตเท่าไร?,"เลือก, หน่วยกิต 3(3-0-6)",ocr144;ocr189;ocr282,
หมวดศึกษาทั่วไป,วิชา PHOTOGRAPHY APPRECIATION (90642084) เป็นวิชาบังคับหรือวิชาเลือก และมีหน่วยกิตเท่าไร?,"เลือก, หน่วยกิต 3(2-2-5)",ocr144;ocr190,
หมวดศึกษาทั่วไป,วิชา CONTEMPORARY CULTURE (90642085) เป็นวิชาบังคับหรือวิชาเลือก และมีหน่วยกิตเท่าไร?,"เลือก, หน่วยกิต 3(3-0-6)",ocr144;ocr190,
หมวดศึกษาทั่วไป,วิชา INTRODUCTION TO DESIGN CULTURE (90642086) เป็นวิชาบังคับหรือวิชาเลือก และมีหน่วยกิตเท่าไร?,"เลือก, หน่วยกิต 3(3-0-6)",ocr144;ocr190;ocr282,
หมวดศึกษาทั่วไป,วิชา WORLD CULTURE (90642087) เป็นวิชาบังคับหรือวิชาเลือก และมีหน่วยกิตเท่าไร?,"เลือก, หน่วยกิต 3(3-0-6)",ocr144;ocr190,
หมวดศึกษาทั่วไป,วิชา TRADITIONAL CHINESE CULTURE (90642088) เป็นวิชาบังคับหรือวิชาเลือก และมีหน่วยกิตเท่าไร?,"เลือก, หน่วยกิต 3(3-0-6)",ocr144;ocr191,
หมวดศึกษาทั่วไป,"วิชา CHINESE SOCIETY, ECONOMY AND POLITICS (90642089) เป็นวิชาบังคับหรือวิชาเลือก และมีหน่วยกิตเท่าไร?","เลือก, หน่วยกิต 3(3-0-6)",ocr144;ocr191,
หมวดศึกษาทั่วไป,วิชา GLOBAL INSIDE (90642090) เป็นวิชาบังคับหรือวิชาเลือก และมีหน่วยกิตเท่าไร?,"เลือก, หน่วยกิต 3(3-0-6)",ocr144;ocr191;ocr282,
หมวดศึกษาทั่วไป,วิชา ASIAN STUDY (90642091) เป็นวิชาบังคับหรือวิชาเลือก และมีหน่วยกิตเท่าไร?,"เลือก, หน่วยกิต 3(3-0-6)",ocr145;ocr191;ocr282,
หมวดศึกษาทั่วไป,วิชา CIVIC EDUCATION (90642092) เป็นวิชาบังคับหรือวิชาเลือก และมีหน่วยกิตเท่าไร?,"เลือก, หน่วยกิต 3(3-0-6)",ocr145,
หมวดศึกษาทั่วไป,วิชา COMMUNITY ENGAGEMENT (90642093) เป็นวิชาบังคับหรือวิชาเลือก และมีหน่วยกิตเท่าไร?,"เลือก, หน่วยกิต 3(3-0-6)",ocr145;ocr192;ocr282,
หมวดศึกษาทั่วไป,วิชา PRINCIPLES OF COMMUNITY DEVELOPMENT (90642094) เป็นวิชาบังคับหรือวิชาเลือก และมีหน่วยกิตเท่าไร?,"เลือก, หน่วยกิต 3(3-0-6)",ocr145;ocr192,
หมวดศึกษาทั่วไป,วิชา NATIONAL SECURITY DEVELOPMENT (90642095) เป็นวิชาบังคับหรือวิชาเลือก และมีหน่วยกิตเท่าไร?,"เลือก, หน่วยกิต 3(3-0-6)",ocr145;ocr192;ocr282,
หมวดศึกษาทั่วไป,วิชา MILITARY SCIENCE (90642096) เป็นวิชาบังคับหรือวิชาเลือก และมีหน่วยกิตเท่าไร?,"เลือก, หน่วยกิต 3(3-0-6)",ocr145;ocr193;ocr278;ocr282,
หมวดศึกษาทั่วไป,วิชา APPLIED THAI WISDOMS (90642097) เป็นวิชาบังคับหรือวิชาเลือก และมีหน่วยกิตเท่าไร?,"เลือก, หน่วยกิต 3(3-0-6)",ocr145;ocr193,
หมวดศึกษาทั่วไป,วิชา DYNAMICS OF THAI SOCIETY (90642098) เป็นวิชาบังคับหรือวิชาเลือก และมีหน่วยกิตเท่าไร?,"เลือก, หน่วยกิต 3(3-0-6)",ocr145;ocr193;ocr282,
หมวดศึกษาทั่วไป,วิชา ACTIVE AGING SOCIETY (90642099) เป็นวิชาบังคับหรือวิชาเลือก และมีหน่วยกิตเท่าไร?,"เลือก, หน่วยกิต 3(3-0-6)",ocr145;ocr194,
หมวดศึกษาทั่วไป,วิชา FIGHTING FAKE NEWS (90642100) เป็นวิชาบังคับหรือวิชาเลือก และมีหน่วยกิตเท่าไร?,"เลือก, หน่วยกิต 1(1-0-2)",ocr194;ocr282,
หมวดศึกษาทั่วไป,วิชา REVIEWER (90642101) เป็นวิชาบังคับหรือวิชาเลือก และมีหน่วยกิตเท่าไร?,"เลือก, หน่วยกิต 3(3-0-6)",ocr145;ocr194;ocr282,
หมวดศึกษาทั่วไป,วิชา YOUTUBER (90642102) เป็นวิชาบังคับหรือวิชาเลือก และมีหน่วยกิตเท่าไร?,"เลือก, หน่วยกิต 3(3-0-6)",ocr145;ocr194,
หมวดศึกษาทั่วไป,วิชา LIVING IN DIGITAL SOCIETY (90642103) เป็นวิชาบังคับหรือวิชาเลือก และมีหน่วยกิตเท่าไร?,"เลือก, หน่วยกิต 3(3-0-6)",ocr145;ocr195,
หมวดศึกษาทั่วไป,วิชา DIGITAL LITERACY (90642104) เป็นวิชาบังคับหรือวิชาเลือก และมีหน่วยกิตเท่าไร?,"เลือก, หน่วยกิต 1(1-0-2)",ocr145;ocr195,
หมวดศึกษาทั่วไป,วิชา BASIC INTERNET OF THINGS (IOT) (90642105) เป็นวิชาบังคับหรือวิชาเลือก และมีหน่วยกิตเท่าไร?,"เลือก, หน่วยกิต 2(1-2-3)",ocr145;ocr195;ocr272,
หมวดศึกษาทั่วไป,วิชา DIGITAL STORYTELLING IN JOURNEY (90642106) เป็นวิชาบังคับหรือวิชาเลือก และมีหน่วยกิตเท่าไร?,"เลือก, หน่วยกิต 3(3-0-6)",ocr145;ocr196;ocr283,
หมวดศึกษาทั่วไป,วิชา DIGITAL MEDIA PRODUCTION (90642107) เป็นวิชาบังคับหรือวิชาเลือก และมีหน่วยกิตเท่าไร?,"เลือก, หน่วยกิต 3(3-0-6)",ocr145;ocr196;ocr271;ocr274,
หมวดศึกษาทั่วไป,วิชา DIGITAL PHOTOGRAPHY TECHNOLOGY (90642108) เป็นวิชาบังคับหรือวิชาเลือก และมีหน่วยกิตเท่าไร?,"เลือก, หน่วยกิต 3(2-2-5)",ocr145;ocr196;ocr271;ocr283,
หมวดศึกษาทั่วไป,วิชา INFOGRAPHIC DESIGN (90642109) เป็นวิชาบังคับหรือวิชาเลือก และมีหน่วยกิตเท่าไร?,"เลือก, หน่วยกิต 3(3-0-6)",ocr145;ocr196;ocr283,
หมวดศึกษาทั่วไป,วิชา FUN WITH DATA SCIENCE (90642110) เป็นวิชาบังคับหรือวิชาเลือก และมีหน่วยกิตเท่าไร?,"เลือก, หน่วยกิต 3(3-0-6)",ocr146;ocr197;ocr270;ocr283,
หมวดศึกษาทั่วไป,วิชา FUN WITH CODING (90642111) เป็นวิชาบังคับหรือวิชาเลือก และมีหน่วยกิตเท่าไร?,"เลือก, หน่วยกิต 3(3-0-6)",ocr146;ocr197;ocr272;ocr283,
หมวดศึกษาทั่วไป,วิชา FUN WITH AI (90642112) เป็นวิชาบังคับหรือวิชาเลือก และมีหน่วยกิตเท่าไร?,"เลือก, หน่วยกิต 3(3-0-6)",ocr146;ocr197,
หมวดศึกษาทั่วไป,วิชา ROBOTICS AND AI (90642113) เป็นวิชาบังคับหรือวิชาเลือก และมีหน่วยกิตเท่าไร?,"เลือก, หน่วยกิต 3(3-0-6)",ocr146;ocr197;ocr273,
หมวดศึกษาทั่วไป,วิชา SMART FARMING (90642114) เป็นวิชาบังคับหรือวิชาเลือก และมีหน่วยกิตเท่าไร?,"เลือก, หน่วยกิต 3(3-0-6)",ocr146;ocr198,
หมวดศึกษาทั่วไป,วิชา GREEN TECHNOLOGY AND ALTERNATIVE ENERGY (90642115) เป็นวิชาบังคับหรือวิชาเลือก และมีหน่วยกิตเท่าไร?,"เลือก, หน่วยกิต 3(3-0-6)",ocr146;ocr198;ocr272,
หมวดศึกษาทั่วไป,วิชา SMART CITY AND INNOVATION (90642116) เป็นวิชาบังคับหรือวิชาเลือก และมีหน่วยกิตเท่าไร?,"เลือก, หน่วยกิต 3(3-0-6)",ocr146;ocr198;ocr283,
หมวดศึกษาทั่วไป,วิชา INFORMATION LITERACY SKILLS FOR THE 21st CENTURY (90642117) เป็นวิชาบังคับหรือวิชาเลือก และมีหน่วยกิตเท่าไร?,"เลือก, หน่วยกิต 3(3-0-6)",ocr146;ocr199;ocr272,
หมวดศึกษาทั่วไป,วิชา APPLICATION SOFTWARE FOR BUSSINESS (90642118) เป็นวิชาบังคับหรือวิชาเลือก และมีหน่วยกิตเท่าไร?,"เลือก, หน่วยกิต 2(1-2-3)",ocr146;ocr199;ocr270,
หมวดศึกษาทั่วไป,วิชา COMPUTER FOR DEVELOPMENT OF ANALYTICAL THINKING PROCESS (90642119) เป็นวิชาบังคับหรือวิชาเลือก และมีหน่วยกิตเท่าไร?,"เลือก, หน่วยกิต 2(1-2-3)",ocr146;ocr199;ocr272;ocr283,
หมวดศึกษาทั่วไป,วิชา FROM EXCEL TO EXCELLENT (90642120) เป็นวิชาบังคับหรือวิชาเลือก และมีหน่วยกิตเท่าไร?,"เลือก, หน่วยกิต 3(3-0-6)",ocr146;ocr199;ocr283,
หมวดศึกษาทั่วไป,วิชา DATA ANALYSIS AND MANAGEMENT WITH COMPUTATIONAL PROGRAM (90642121) เป็นวิชาบังคับหรือวิชาเลือก และมีหน่วยกิตเท่าไร?,"เลือก, หน่วยกิต 3(3-0-6)",ocr146;ocr200;ocr283,
หมวดศึกษาทั่วไป,วิชา INTRODUCTION TO MICROCOMPUTER APPLICATION (90642122) เป็นวิชาบังคับหรือวิชาเลือก และมีหน่วยกิตเท่าไร?,"เลือก, หน่วยกิต 3(3-0-6)",ocr146;ocr200,
หมวดศึกษาทั่วไป,วิชา TECHNOLOGY IN MUSICAL SEQUENCING (90642123) เป็นวิชาบังคับหรือวิชาเลือก และมีหน่วยกิตเท่าไร?,"เลือก, หน่วยกิต 3(3-0-6)",ocr146;ocr200;ocr275,
หมวดศึกษาทั่วไป,วิชา SCIENCE TECHNOLOGY AND SCIENCE INNOVATION FOR SDGS (90642124) เป็นวิชาบังคับหรือวิชาเลือก และมีหน่วยกิตเท่าไร?,"เลือก, หน่วยกิต 3(3-0-6)",ocr146;ocr200;ocr272,
หมวดศึกษาทั่วไป,วิชา LIVING IN FUTURE DISASTER AND CRISIS (90642125) เป็นวิชาบังคับหรือวิชาเลือก และมีหน่วยกิตเท่าไร?,"เลือก, หน่วยกิต 3(3-0-6)",ocr146;ocr201,
หมวดศึกษาทั่วไป,วิชา SURVIVORS (90642126) เป็นวิชาบังคับหรือวิชาเลือก และมีหน่วยกิตเท่าไร?,"เลือก, หน่วยกิต 3(3-0-6)",ocr146;ocr201;ocr284,
หมวดศึกษาทั่วไป,วิชา THINK EARTH (90642127) เป็นวิชาบังคับหรือวิชาเลือก และมีหน่วยกิตเท่าไร?,"เลือก, หน่วยกิต 3(3-0-6)",ocr146;ocr201;ocr271;ocr284,
หมวดศึกษาทั่วไป,"วิชา ECOLOGY, CONSERVATION AND ENVIRONMENTALISM (90642128) เป็นวิชาบังคับหรือวิชาเลือก และมีหน่วยกิตเท่าไร?","เลือก, หน่วยกิต 3(3-0-6)",ocr146;ocr202,
หมวดศึกษาทั่วไป,วิชา ALTERNATIVE TOURISM (90642129) เป็นวิชาบังคับหรือวิชาเลือก และมีหน่วยกิตเท่าไร?,"เลือก, หน่วยกิต 3(3-0-6)",ocr147;ocr202,
หมวดศึกษาทั่วไป,วิชา SPORTS TOURISM (90642130) เป็นวิชาบังคับหรือวิชาเลือก และมีหน่วยกิตเท่าไร?,"เลือก, หน่วยกิต 3(3-0-6)",ocr147;ocr202;ocr284,
หมวดศึกษาทั่วไป,วิชา THAI CULTURE AND TOURISM (90642131) เป็นวิชาบังคับหรือวิชาเลือก และมีหน่วยกิตเท่าไร?,"เลือก, หน่วยกิต 3(3-0-6)",ocr147;ocr202;ocr274;ocr284,
หมวดศึกษาทั่วไป,วิชา CHUMPHON STUDY FOR TOURISM (90642132) เป็นวิชาบังคับหรือวิชาเลือก และมีหน่วยกิตเท่าไร?,"เลือก, หน่วยกิต 3(3-0-6)",ocr147;ocr275;ocr284,
หมวดศึกษาทั่วไป,วิชา CHUMPHON AREA STUDY (90642133) เป็นวิชาบังคับหรือวิชาเลือก และมีหน่วยกิตเท่าไร?,"เลือก, หน่วยกิต 3(3-0-6)",ocr147;ocr203;ocr284,
หมวดศึกษาทั่วไป,วิชา KING MONGKUT'S REIGN STUDY (90642134) เป็นวิชาบังคับหรือวิชาเลือก และมีหน่วยกิตเท่าไร?,"เลือก, หน่วยกิต 3(3-0-6)",ocr147;ocr203,
หมวดศึกษาทั่วไป,วิชา PHILOSOPHY OF SUFFICIENCY ECONOMY (90642135) เป็นวิชาบังคับหรือวิชาเลือก และมีหน่วยกิตเท่าไร?,"เลือก, หน่วยกิต 3(3-0-6)",ocr147;ocr204;ocr275,
หมวดศึกษาทั่วไป,วิชา ETHICS AND AESTHETICS (90642136) เป็นวิชาบังคับหรือวิชาเลือก และมีหน่วยกิตเท่าไร?,"เลือก, หน่วยกิต 3(3-0-6)",ocr147;ocr204;ocr284,
หมวดศึกษาทั่วไป,วิชา SERIES IN DAILY LIFE (90642137) เป็นวิชาบังคับหรือวิชาเลือก และมีหน่วยกิตเท่าไร?,"เลือก, หน่วยกิต 3(3-0-6)",ocr147;ocr204;ocr284,
หมวดศึกษาทั่วไป,วิชา MEDITATION FOR LIFE DEVELOPMENT (90642138) เป็นวิชาบังคับหรือวิชาเลือก และมีหน่วยกิตเท่าไร?,"เลือก, หน่วยกิต 3(3-0-6)",ocr147;ocr204;ocr284,
หมวดศึกษาทั่วไป,วิชา RESILIENCE QUOTIENT (90642139) เป็นวิชาบังคับหรือวิชาเลือก และมีหน่วยกิตเท่าไร?,"เลือก, หน่วยกิต 1(1-0-2)",ocr147;ocr205,
หมวดศึกษาทั่วไป,วิชา IMMUNITY OF MIND (90642140) เป็นวิชาบังคับหรือวิชาเลือก และมีหน่วยกิตเท่าไร?,"เลือก, หน่วยกิต 3(3-0-6)",ocr147;ocr205;ocr285,
หมวดศึกษาทั่วไป,วิชา PSYCHOLOGY OF SELF-DEVELOPMENT (90642141) เป็นวิชาบังคับหรือวิชาเลือก และมีหน่วยกิตเท่าไร?,"เลือก, หน่วยกิต 2(2-0-4)",ocr147;ocr205,
หมวดศึกษาทั่วไป,วิชา PSYCHOLOGY IN COMMUNICATION (90642142) เป็นวิชาบังคับหรือวิชาเลือก และมีหน่วยกิตเท่าไร?,"เลือก, หน่วยกิต 3(3-0-6)",ocr147;ocr205,
หมวดศึกษาทั่วไป,วิชา DESIGNING YOUR LIFE (90642143) เป็นวิชาบังคับหรือวิชาเลือก และมีหน่วยกิตเท่าไร?,"เลือก, หน่วยกิต 3(3-0-6)",ocr147;ocr206;ocr285,
หมวดศึกษาทั่วไป,วิชา MAGIC MIRROR (90642144) เป็นวิชาบังคับหรือวิชาเลือก และมีหน่วยกิตเท่าไร?,"เลือก, หน่วยกิต 3(3-0-6)",ocr147;ocr206,
หมวดศึกษาทั่วไป,วิชา POWER OF PERSONALITY (90642145) เป็นวิชาบังคับหรือวิชาเลือก และมีหน่วยกิตเท่าไร?,"เลือก, หน่วยกิต 3(3-0-6)",ocr147;ocr206;ocr285,
หมวดศึกษาทั่วไป,วิชา POWER OF CHANGE (90642146) เป็นวิชาบังคับหรือวิชาเลือก และมีหน่วยกิตเท่าไร?,"เลือก, หน่วยกิต 3(3-0-6)",ocr147;ocr206;ocr285,
หมวดศึกษาทั่วไป,วิชา HAPPINESS SKILLS (90642147) เป็นวิชาบังคับหรือวิชาเลือก และมีหน่วยกิตเท่าไร?,"เลือก, หน่วยกิต 3(3-0-6)",ocr147;ocr207,
หมวดศึกษาทั่วไป,วิชา ARTS OF EMOTION DEVELOPMENT (90642148) เป็นวิชาบังคับหรือวิชาเลือก และมีหน่วยกิตเท่าไร?,"เลือก, หน่วยกิต 3(3-0-6)",ocr148;ocr207;ocr285,
หมวดศึกษาทั่วไป,วิชา IMAGINATIVE ART (90642149) เป็นวิชาบังคับหรือวิชาเลือก และมีหน่วยกิตเท่าไร?,"เลือก, หน่วยกิต 3(3-0-6)",ocr148;ocr207;ocr275;ocr285,
หมวดศึกษาทั่วไป,วิชา ART IN EVERYDAY LIFE (90642150) เป็นวิชาบังคับหรือวิชาเลือก และมีหน่วยกิตเท่าไร?,"เลือก, หน่วยกิต 3(3-0-6)",ocr148;ocr208;ocr285;ocr286,
หมวดศึกษาทั่วไป,วิชา MAN AND ART (90642151) เป็นวิชาบังคับหรือวิชาเลือก และมีหน่วยกิตเท่าไร?,"เลือก, หน่วยกิต 3(3-0-6)",ocr148;ocr208;ocr285,
หมวดศึกษาทั่วไป,วิชา JOY OF SHARING (90642152) เป็นวิชาบังคับหรือวิชาเลือก และมีหน่วยกิตเท่าไร?,"เลือก, หน่วยกิต 3(3-0-6)",ocr148;ocr208;ocr285,
หมวดศึกษาทั่วไป,วิชา UNDERSTANDING HUMAN BEHAVIOR (90642153) เป็นวิชาบังคับหรือวิชาเลือก และมีหน่วยกิตเท่าไร?,"เลือก, หน่วยกิต 3(3-0-6)",ocr148;ocr209;ocr285,
หมวดศึกษาทั่วไป,วิชา FAIL-ABLE (90642154) เป็นวิชาบังคับหรือวิชาเลือก และมีหน่วยกิตเท่าไร?,"เลือก, หน่วยกิต 3(3-0-6)",ocr148;ocr209,
หมวดศึกษาทั่วไป,วิชา HUMAN RELATIONSHIP AND COMMUNICATION (90642155) เป็นวิชาบังคับหรือวิชาเลือก และมีหน่วยกิตเท่าไร?,"เลือก, หน่วยกิต 2(2-0-4)",ocr148;ocr209,
หมวดศึกษาทั่วไป,วิชา FENG SHUI (90642156) เป็นวิชาบังคับหรือวิชาเลือก และมีหน่วยกิตเท่าไร?,"เลือก, หน่วยกิต 3(3-0-6)",ocr148;ocr209;ocr285,
หมวดศึกษาทั่วไป,วิชา THAI ASTROLOGY (90642157) เป็นวิชาบังคับหรือวิชาเลือก และมีหน่วยกิตเท่าไร?,"เลือก, หน่วยกิต 3(3-0-6)",ocr148;ocr210;ocr286,
หมวดศึกษาทั่วไป,วิชา COMTEMPORARY SCIENCE AND TECHNOLOGY (90642158) เป็นวิชาบังคับหรือวิชาเลือก และมีหน่วยกิตเท่าไร?,"เลือก, หน่วยกิต 3(3-0-6)",ocr148;ocr210;ocr286,
หมวดศึกษาทั่วไป,วิชา INTRODUCTION TO PSYCHOLOGY (90642159) เป็นวิชาบังคับหรือวิชาเลือก และมีหน่วยกิตเท่าไร?,"เลือก, หน่วยกิต 3(3-0-6)",ocr148;ocr210,
หมวดศึกษาทั่วไป,วิชา PRACTICE UNDER MANAGEMENT SKILL 1 (90643001) เป็นวิชาบังคับหรือวิชาเลือก และมีหน่วยกิตเท่าไร?,"เลือก, หน่วยกิต 1(0-2-1)",ocr148;ocr211;ocr286,
หมวดศึกษาทั่วไป,วิชา PRACTICE UNDER MANAGEMENT SKILL 2 (90643002) เป็นวิชาบังคับหรือวิชาเลือก และมีหน่วยกิตเท่าไร?,"เลือก, หน่วยกิต 2(0-4-2)",ocr148;ocr211;ocr286,
หมวดศึกษาทั่วไป,วิชา PRACTICE UNDER MANAGEMENT SKILL 3 (90643003) เป็นวิชาบังคับหรือวิชาเลือก และมีหน่วยกิตเท่าไร?,"เลือก, หน่วยกิต 3(0-6-3)",ocr148;ocr211;ocr286,
หมวดศึกษาทั่วไป,วิชา POSITIVE POWER LEADER (90643004) เป็นวิชาบังคับหรือวิชาเลือก และมีหน่วยกิตเท่าไร?,"เลือก, หน่วยกิต 3(3-0-6)",ocr148;ocr211;ocr286,
หมวดศึกษาทั่วไป,วิชา THE DISRUPTOR (90643005) เป็นวิชาบังคับหรือวิชาเลือก และมีหน่วยกิตเท่าไร?,"เลือก, หน่วยกิต 3(3-0-6)",ocr148;ocr212;ocr286,
หมวดศึกษาทั่วไป,วิชา MODERN MANAGEMENT AND LEADERSHIP (90643006) เป็นวิชาบังคับหรือวิชาเลือก และมีหน่วยกิตเท่าไร?,"เลือก, หน่วยกิต 3(3-0-6)",ocr148;ocr212;ocr271;ocr272;ocr275;ocr286,
หมวดศึกษาทั่วไป,วิชา NEXT GEN LEADERSHIP (90643007) เป็นวิชาบังคับหรือวิชาเลือก และมีหน่วยกิตเท่าไร?,"เลือก, หน่วยกิต 3(3-0-6)",ocr149;ocr212;ocr286,
หมวดศึกษาทั่วไป,วิชา SCIENCE OF NEGOTIATION (90643008) เป็นวิชาบังคับหรือวิชาเลือก และมีหน่วยกิตเท่าไร?,"เลือก, หน่วยกิต 3(3-0-6)",ocr149;ocr212;ocr286,
หมวดศึกษาทั่วไป,วิชา CONTENT MARKETING (90643009) เป็นวิชาบังคับหรือวิชาเลือก และมีหน่วยกิตเท่าไร?,"เลือก, หน่วยกิต 1(1-0-2)",ocr149;ocr213;ocr286,
หมวดศึกษาทั่วไป,วิชา CONTEMPORARY MARKETING (90643010) เป็นวิชาบังคับหรือวิชาเลือก และมีหน่วยกิตเท่าไร?,"เลือก, หน่วยกิต 3(3-0-6)",ocr149;ocr213;ocr286,
หมวดศึกษาทั่วไป,วิชา ART OF COMMUNICATION MANAGEMENT (90643011) เป็นวิชาบังคับหรือวิชาเลือก และมีหน่วยกิตเท่าไร?,"เลือก, หน่วยกิต 3(2-3-6)",ocr149;ocr213;ocr271,
หมวดศึกษาทั่วไป,วิชา TEAMWORK (90643012) เป็นวิชาบังคับหรือวิชาเลือก และมีหน่วยกิตเท่าไร?,"เลือก, หน่วยกิต 3(3-0-6)",ocr149;ocr214,
หมวดศึกษาทั่วไป,วิชา INDUSTRIAL MANAGEMENT (90643013) เป็นวิชาบังคับหรือวิชาเลือก และมีหน่วยกิตเท่าไร?,"เลือก, หน่วยกิต 3(3-0-6)",ocr149;ocr214;ocr286,
หมวดศึกษาทั่วไป,วิชา GENERAL BUSINESS (90643014) เป็นวิชาบังคับหรือวิชาเลือก และมีหน่วยกิตเท่าไร?,"เลือก, หน่วยกิต 3(3-0-6)",ocr149;ocr214;ocr287,
หมวดศึกษาทั่วไป,วิชา BUSINESS ACCOUNTING FOR NEW GEN (90643015) เป็นวิชาบังคับหรือวิชาเลือก และมีหน่วยกิตเท่าไร?,"เลือก, หน่วยกิต 3(3-0-6)",ocr149;ocr215;ocr272;ocr287,
หมวดศึกษาทั่วไป,วิชา FUN WITH ONLINE BUSINESS (90643016) เป็นวิชาบังคับหรือวิชาเลือก และมีหน่วยกิตเท่าไร?,"เลือก, หน่วยกิต 3(3-0-6)",ocr149;ocr215;ocr274;ocr287,
หมวดศึกษาทั่วไป,วิชา LEAN STARTUP AND AGILE BUSINESS (90643017) เป็นวิชาบังคับหรือวิชาเลือก และมีหน่วยกิตเท่าไร?,"เลือก, หน่วยกิต 4(4-0-8)",ocr149;ocr215,
หมวดศึกษาทั่วไป,วิชา INTERNATIONAL BUSINESS (90643018) เป็นวิชาบังคับหรือวิชาเลือก และมีหน่วยกิตเท่าไร?,"เลือก, หน่วยกิต 3(3-0-6)",ocr149;ocr215,
หมวดศึกษาทั่วไป,วิชา ECONOMICS AND ENTREPRENEURSHIP (90643019) เป็นวิชาบังคับหรือวิชาเลือก และมีหน่วยกิตเท่าไร?,"เลือก, หน่วยกิต 3(3-0-6)",ocr149;ocr216,
หมวดศึกษาทั่วไป,วิชา INNOVATIVE ENTREPRENEURS (90643020) เป็นวิชาบังคับหรือวิชาเลือก และมีหน่วยกิตเท่าไร?,"เลือก, หน่วยกิต 3(3-0-6)",ocr149;ocr216;ocr287,
หมวดศึกษาทั่วไป,วิชา MODERN ENTREPRENEURS (90643021) เป็นวิชาบังคับหรือวิชาเลือก และมีหน่วยกิตเท่าไร?,"เลือก, หน่วยกิต 3(3-0-6)",17;33;39;ocr149;ocr216;ocr270;ocr272;ocr273;ocr384,
หมวดศึกษาทั่วไป,วิชา SOCIAL ENTREPRENEURS (90643022) เป็นวิชาบังคับหรือวิชาเลือก และมีหน่วยกิตเท่าไร?,"เลือก, หน่วยกิต 3(3-0-6)",ocr149;ocr216;ocr287,
หมวดศึกษาทั่วไป,วิชา TECHNOPRENEURS (90643023) เป็นวิชาบังคับหรือวิชาเลือก และมีหน่วยกิตเท่าไร?,"เลือก, หน่วยกิต 3(3-0-6)",ocr149;ocr217;ocr287,
หมวดศึกษาทั่วไป,วิชา HAPPINESS FARMS (90643024) เป็นวิชาบังคับหรือวิชาเลือก และมีหน่วยกิตเท่าไร?,"เลือก, หน่วยกิต 3(3-0-6)",ocr149;ocr217;ocr271,
หมวดศึกษาทั่วไป,วิชา ROAD TO IPO (90643025) เป็นวิชาบังคับหรือวิชาเลือก และมีหน่วยกิตเท่าไร?,"เลือก, หน่วยกิต 3(3-0-6)",ocr149;ocr217;ocr287,
หมวดศึกษาทั่วไป,วิชา INVESTMENT PLANNING (90643026) เป็นวิชาบังคับหรือวิชาเลือก และมีหน่วยกิตเท่าไร?,"เลือก, หน่วยกิต 3(3-0-6)",ocr218;ocr271;ocr273;ocr287,
หมวดศึกษาทั่วไป,"วิชา MAN, MONEY AND MATH (90643027) เป็นวิชาบังคับหรือวิชาเลือก และมีหน่วยกิตเท่าไร?","เลือก, หน่วยกิต 3(3-0-6)",ocr150;ocr287,
หมวดศึกษาทั่วไป,วิชา SMART TIPS FOR BEGINNING INVESTERS (90643028) เป็นวิชาบังคับหรือวิชาเลือก และมีหน่วยกิตเท่าไร?,"เลือก, หน่วยกิต 3(3-0-6)",ocr150;ocr218,
หมวดศึกษาทั่วไป,วิชา DIGITAL ECONOMY (90643029) เป็นวิชาบังคับหรือวิชาเลือก และมีหน่วยกิตเท่าไร?,"เลือก, หน่วยกิต 3(3-0-6)",ocr150;ocr218;ocr287,
หมวดศึกษาทั่วไป,วิชา GENERAL ECONOMICS AND PROJECT FEASIBILITY STUDY (90643030) เป็นวิชาบังคับหรือวิชาเลือก และมีหน่วยกิตเท่าไร?,"เลือก, หน่วยกิต 3(3-0-6)",ocr150;ocr219;ocr273;ocr287,
หมวดศึกษาทั่วไป,วิชา CIRCULAR ECONOMIC LIFESTYLE FOR 21st CENTURY (90643031) เป็นวิชาบังคับหรือวิชาเลือก และมีหน่วยกิตเท่าไร?,"เลือก, หน่วยกิต 3(3-0-6)",ocr150;ocr219;ocr287,
หมวดศึกษาทั่วไป,วิชา BCG ECONOMY IN ACTION (90643032) เป็นวิชาบังคับหรือวิชาเลือก และมีหน่วยกิตเท่าไร?,"เลือก, หน่วยกิต 3(3-0-6)",ocr150;ocr219;ocr272;ocr288,
หมวดศึกษาทั่วไป,วิชา INNOVATION MANAGEMENT (90643033) เป็นวิชาบังคับหรือวิชาเลือก และมีหน่วยกิตเท่าไร?,"เลือก, หน่วยกิต 4(4-0-8)",ocr150;ocr220,
หมวดศึกษาทั่วไป,วิชา MANAGEMENT AND CREATIVITY (90643034) เป็นวิชาบังคับหรือวิชาเลือก และมีหน่วยกิตเท่าไร?,"เลือก, หน่วยกิต 3(3-0-6)",ocr150;ocr220,
หมวดศึกษาทั่วไป,วิชา KNOWLEDGE MANAGEMENT FOR INNOVATION DEVELOPMENT (90643035) เป็นวิชาบังคับหรือวิชาเลือก และมีหน่วยกิตเท่าไร?,"เลือก, หน่วยกิต 3(3-0-6)",ocr150;ocr221;ocr273;ocr274,
หมวดศึกษาทั่วไป,วิชา KNOWLEDGE MANAGEMENT FOR PROJECT MANAGEMENT (90643036) เป็นวิชาบังคับหรือวิชาเลือก และมีหน่วยกิตเท่าไร?,"เลือก, หน่วยกิต 3(3-0-6)",ocr150;ocr221;ocr288,
หมวดศึกษาทั่วไป,วิชา PUBLIC ADMINISTRATION AND PUBLIC POLICY IN THE 21st CENTURY (90643037) เป็นวิชาบังคับหรือวิชาเลือก และมีหน่วยกิตเท่าไร?,"เลือก, หน่วยกิต 3(3-0-6)",ocr150;ocr221;ocr288,
หมวดศึกษาทั่วไป,วิชา REBRANDING (90643038) เป็นวิชาบังคับหรือวิชาเลือก และมีหน่วยกิตเท่าไร?,"เลือก, หน่วยกิต 3(3-0-6)",ocr150;ocr222;ocr288,
หมวดศึกษาทั่วไป,วิชา PRACTICE UNDER LANGUAGE AND COMMUNICATION SKILLS 1 (90644001) เป็นวิชาบังคับหรือวิชาเลือก และมีหน่วยกิตเท่าไร?,"เลือก, หน่วยกิต 1(0-2-1)",ocr150;ocr222,
หมวดศึกษาทั่วไป,วิชา PRACTICE UNDER LANGUAGE AND COMMUNICATION SKILLS 2 (90644002) เป็นวิชาบังคับหรือวิชาเลือก และมีหน่วยกิตเท่าไร?,"เลือก, หน่วยกิต 2(0-4-2)",ocr150;ocr222,
หมวดศึกษาทั่วไป,วิชา PRACTICE UNDER LANGUAGE AND COMMUNICATION SKILLS 3 (90644003) เป็นวิชาบังคับหรือวิชาเลือก และมีหน่วยกิตเท่าไร?,"เลือก, หน่วยกิต 3(0-6-3)",ocr150;ocr222;ocr288,
หมวดศึกษาทั่วไป,วิชา ACADEMIC LISTENING AND SPEAKING (90644004) เป็นวิชาบังคับหรือวิชาเลือก และมีหน่วยกิตเท่าไร?,"เลือก, หน่วยกิต 0(4-0-8)",ocr150;ocr154;ocr223,
หมวดศึกษาทั่วไป,วิชา ACADEMIC READING AND WRITING (90644005) เป็นวิชาบังคับหรือวิชาเลือก และมีหน่วยกิตเท่าไร?,"เลือก, หน่วยกิต 0(4-0-8)",ocr150;ocr154;ocr223,
หมวดศึกษาทั่วไป,วิชา PREPARATORY ENGLISH (90644006) เป็นวิชาบังคับหรือวิชาเลือก และมีหน่วยกิตเท่าไร?,"เลือก, หน่วยกิต 0(3-0-6)",ocr151;ocr154;ocr223;ocr288,
หมวดศึกษาทั่วไป,วิชา FOUNDATION ENGLISH 1 (90644007) เป็นวิชาบังคับหรือวิชาเลือก และมีหน่วยกิตเท่าไร?,"เลือก, หน่วยกิต 3(3-0-6)",17;26;34;ocr138;ocr151;ocr224;ocr384,
หมวดศึกษาทั่วไป,วิชา FOUNDATION ENGLISH 2 (90644008) เป็นวิชาบังคับหรือวิชาเลือก และมีหน่วยกิตเท่าไร?,"เลือก, หน่วยกิต 3(3-0-6)",17;28;35;ocr138;ocr151;ocr224;ocr384,
หมวดศึกษาทั่วไป,วิชา BASIC ENGLISH PRONUNCIATION (90644009) เป็นวิชาบังคับหรือวิชาเลือก และมีหน่วยกิตเท่าไร?,"เลือก, หน่วยกิต 3(3-0-6)",ocr151;ocr224;ocr289,
หมวดศึกษาทั่วไป,วิชา DEVELOPMENT OF READING AND WRITING SKILLS IN ENGLISH (90644010) เป็นวิชาบังคับหรือวิชาเลือก และมีหน่วยกิตเท่าไร?,"เลือก, หน่วยกิต 3(3-0-6)",ocr151;ocr224,
หมวดศึกษาทั่วไป,วิชา ENGLISH FOR ACADEMIC PURPOSES (90644011) เป็นวิชาบังคับหรือวิชาเลือก และมีหน่วยกิตเท่าไร?,"เลือก, หน่วยกิต 3(3-0-6)",ocr151;ocr225,
หมวดศึกษาทั่วไป,วิชา ENGLISH FOR COMMUNICATION (90644012) เป็นวิชาบังคับหรือวิชาเลือก และมีหน่วยกิตเท่าไร?,"เลือก, หน่วยกิต 3(3-0-6)",ocr151;ocr225,
หมวดศึกษาทั่วไป,วิชา ENGLISH FOR COMMUNICATIVE WRITING (90644013) เป็นวิชาบังคับหรือวิชาเลือก และมีหน่วยกิตเท่าไร?,"เลือก, หน่วยกิต 3(3-0-6)",ocr151;ocr225,
หมวดศึกษาทั่วไป,วิชา ENGLISH FOR PROFESSIONAL COMMUNICATION (90644014) เป็นวิชาบังคับหรือวิชาเลือก และมีหน่วยกิตเท่าไร?,"เลือก, หน่วยกิต 3(3-0-6)",ocr151;ocr225,
หมวดศึกษาทั่วไป,วิชา ENGLISH FOR FURTHER STUDIES (90644015) เป็นวิชาบังคับหรือวิชาเลือก และมีหน่วยกิตเท่าไร?,"เลือก, หน่วยกิต 3(3-0-6)",ocr151;ocr226,
หมวดศึกษาทั่วไป,วิชา ENGLISH FOR INDUSTRY (90644016) เป็นวิชาบังคับหรือวิชาเลือก และมีหน่วยกิตเท่าไร?,"เลือก, หน่วยกิต 3(3-0-6)",ocr151;ocr226;ocr273,
หมวดศึกษาทั่วไป,วิชา ENGLISH FOR BUSINESS (90644017) เป็นวิชาบังคับหรือวิชาเลือก และมีหน่วยกิตเท่าไร?,"เลือก, หน่วยกิต 3(3-0-6)",ocr151;ocr226,
หมวดศึกษาทั่วไป,วิชา ENGLISH FOR MARKETING (90644018) เป็นวิชาบังคับหรือวิชาเลือก และมีหน่วยกิตเท่าไร?,"เลือก, หน่วยกิต 3(3-0-6)",ocr151;ocr226,
หมวดศึกษาทั่วไป,วิชา ENGLISH FOR MANAGEMENT (90644019) เป็นวิชาบังคับหรือวิชาเลือก และมีหน่วยกิตเท่าไร?,"เลือก, หน่วยกิต 3(3-0-6)",ocr151;ocr289,
หมวดศึกษาทั่วไป,วิชา ENGLISH FOR MADIA (90644020) เป็นวิชาบังคับหรือวิชาเลือก และมีหน่วยกิตเท่าไร?,"เลือก, หน่วยกิต 3(3-0-6)",ocr151;ocr227,
หมวดศึกษาทั่วไป,วิชา ENGLISH FOR INTERCURAL COMMUNICATION (90644021) เป็นวิชาบังคับหรือวิชาเลือก และมีหน่วยกิตเท่าไร?,"เลือก, หน่วยกิต 3(3-0-6)",ocr151;ocr227,
หมวดศึกษาทั่วไป,วิชา ENGLISH FOR PROFESSIONAL PURPOSES (90644022) เป็นวิชาบังคับหรือวิชาเลือก และมีหน่วยกิตเท่าไร?,"เลือก, หน่วยกิต 3(3-0-6)",ocr151;ocr227;ocr289,
หมวดศึกษาทั่วไป,วิชา ENGLISH FOR WORK PREPATION (90644023) เป็นวิชาบังคับหรือวิชาเลือก และมีหน่วยกิตเท่าไร?,"เลือก, หน่วยกิต 3(3-0-6)",ocr151;ocr274,
หมวดศึกษาทั่วไป,วิชา ENGLISH FOR TOURISM AND TRAVELLING (90644024) เป็นวิชาบังคับหรือวิชาเลือก และมีหน่วยกิตเท่าไร?,"เลือก, หน่วยกิต 3(3-0-6)",ocr151;ocr228,
หมวดศึกษาทั่วไป,วิชา ENGLISH FOR ARCHITECTURAL ARTS & DESIGN COMMUNICATION (90644025) เป็นวิชาบังคับหรือวิชาเลือก และมีหน่วยกิตเท่าไร?,"เลือก, หน่วยกิต 3(3-0-6)",ocr152;ocr228,
หมวดศึกษาทั่วไป,วิชา ENGLISH FOR ARCHITECTURAL ARTS & DESIGN PRESENTATION (90644026) เป็นวิชาบังคับหรือวิชาเลือก และมีหน่วยกิตเท่าไร?,"เลือก, หน่วยกิต 3(3-0-6)",ocr152;ocr228,
หมวดศึกษาทั่วไป,วิชา ENGLISH FOR NARRATIVE WRITING (90644027) เป็นวิชาบังคับหรือวิชาเลือก และมีหน่วยกิตเท่าไร?,"เลือก, หน่วยกิต 3(3-0-6)",ocr152;ocr229,
หมวดศึกษาทั่วไป,วิชา ENGLISH FOR DESIGN (90644028) เป็นวิชาบังคับหรือวิชาเลือก และมีหน่วยกิตเท่าไร?,"เลือก, หน่วยกิต 3(3-0-6)",ocr152;ocr229,
หมวดศึกษาทั่วไป,วิชา ENGLISH FOR HEALTH PROFESSIONS (90644029) เป็นวิชาบังคับหรือวิชาเลือก และมีหน่วยกิตเท่าไร?,"เลือก, หน่วยกิต 3(2-2-5)",ocr152;ocr229,
หมวดศึกษาทั่วไป,วิชา ENGLISH FOR PUBLIC RELATIONS (90644030) เป็นวิชาบังคับหรือวิชาเลือก และมีหน่วยกิตเท่าไร?,"เลือก, หน่วยกิต 3(3-0-6)",ocr152;ocr229,
หมวดศึกษาทั่วไป,วิชา ENGLISH FOR SCIENCE AND TECHNOLOGY (90644031) เป็นวิชาบังคับหรือวิชาเลือก และมีหน่วยกิตเท่าไร?,"เลือก, หน่วยกิต 3(3-0-6)",ocr152;ocr230;ocr290,
หมวดศึกษาทั่วไป,วิชา ENGLISH FOR AVIATION (90644032) เป็นวิชาบังคับหรือวิชาเลือก และมีหน่วยกิตเท่าไร?,"เลือก, หน่วยกิต 3(3-0-6)",ocr152;ocr230,
หมวดศึกษาทั่วไป,วิชา WRITING AND SPEAKING IN THE PROFESSIONS (90644033) เป็นวิชาบังคับหรือวิชาเลือก และมีหน่วยกิตเท่าไร?,"เลือก, หน่วยกิต 3(3-0-6)",ocr152;ocr230;ocr290,
หมวดศึกษาทั่วไป,วิชา TECHNICAL WRITING (90644034) เป็นวิชาบังคับหรือวิชาเลือก และมีหน่วยกิตเท่าไร?,"เลือก, หน่วยกิต 3(3-0-6)",ocr152;ocr230,
หมวดศึกษาทั่วไป,วิชา ACADEMIC READING AND WRITING FOR HEALTH SCIENCES (90644035) เป็นวิชาบังคับหรือวิชาเลือก และมีหน่วยกิตเท่าไร?,"เลือก, หน่วยกิต 3(2-2-5)",ocr152;ocr231,
หมวดศึกษาทั่วไป,วิชา ENLISH SKILL DEVELOPMENT FOR LIFE-LONG LEARNING (90644036) เป็นวิชาบังคับหรือวิชาเลือก และมีหน่วยกิตเท่าไร?,"เลือก, หน่วยกิต 3(3-0-6)",ocr152;ocr231,
หมวดศึกษาทั่วไป,วิชา CROSS CULTURAL COMMUNICATION (90644037) เป็นวิชาบังคับหรือวิชาเลือก และมีหน่วยกิตเท่าไร?,"เลือก, หน่วยกิต 3(3-0-6)",ocr152;ocr231,
หมวดศึกษาทั่วไป,วิชา INNOVATIVE COMMUNICATION (90644038) เป็นวิชาบังคับหรือวิชาเลือก และมีหน่วยกิตเท่าไร?,"เลือก, หน่วยกิต 4(4-0-8)",ocr152;ocr232,
หมวดศึกษาทั่วไป,วิชา COMMUNICATION SKILLS THROUGH DEBATE (90644039) เป็นวิชาบังคับหรือวิชาเลือก และมีหน่วยกิตเท่าไร?,"เลือก, หน่วยกิต 3(3-0-6)",ocr152;ocr232;ocr274,
หมวดศึกษาทั่วไป,วิชา COMMUNICATION SKILLS THROUGH DRAMA (90644040) เป็นวิชาบังคับหรือวิชาเลือก และมีหน่วยกิตเท่าไร?,"เลือก, หน่วยกิต 3(3-0-6)",ocr152;ocr232,
หมวดศึกษาทั่วไป,วิชา ENGLISH FROM ENTERTAINMENT MEDIA (90644041) เป็นวิชาบังคับหรือวิชาเลือก และมีหน่วยกิตเท่าไร?,"เลือก, หน่วยกิต 3(3-0-6)",ocr152;ocr232,
หมวดศึกษาทั่วไป,วิชา PROFESSIONAL COMMUNICATION AND PRESENTATION (90644042) เป็นวิชาบังคับหรือวิชาเลือก และมีหน่วยกิตเท่าไร?,"เลือก, หน่วยกิต 3(3-0-6)",17;32;40;ocr152;ocr233;ocr273;ocr274;ocr384,
หมวดศึกษาทั่วไป,วิชา PUBLIC SPEAKING (90644043) เป็นวิชาบังคับหรือวิชาเลือก และมีหน่วยกิตเท่าไร?,"เลือก, หน่วยกิต 3(3-0-6)",ocr152,
หมวดศึกษาทั่วไป,วิชา BEST SPEECH (90644044) เป็นวิชาบังคับหรือวิชาเลือก และมีหน่วยกิตเท่าไร?,"เลือก, หน่วยกิต 3(3-0-6)",ocr153;ocr233,
หมวดศึกษาทั่วไป,วิชา RESEARCH PAPER WRITING (90644045) เป็นวิชาบังคับหรือวิชาเลือก และมีหน่วยกิตเท่าไร?,"เลือก, หน่วยกิต 3(3-0-6)",ocr153;ocr233,
หมวดศึกษาทั่วไป,วิชา LISTENING AND READING FOR IMPROVING LIFE QUALITY (90644046) เป็นวิชาบังคับหรือวิชาเลือก และมีหน่วยกิตเท่าไร?,"เลือก, หน่วยกิต 3(3-0-6)",ocr153;ocr234,
หมวดศึกษาทั่วไป,วิชา DEVELOPMENT OF THAI CREATIVE WRITING SKILLS (90644047) เป็นวิชาบังคับหรือวิชาเลือก และมีหน่วยกิตเท่าไร?,"เลือก, หน่วยกิต 3(3-0-6)",ocr153;ocr234;ocr291,
หมวดศึกษาทั่วไป,วิชา LANGUAGE IN THAI SOCIETY (90644048) เป็นวิชาบังคับหรือวิชาเลือก และมีหน่วยกิตเท่าไร?,"เลือก, หน่วยกิต 3(3-0-6)",ocr153;ocr234,
หมวดศึกษาทั่วไป,วิชา THAI LANGUAGE FOR CREATIVITY (90644049) เป็นวิชาบังคับหรือวิชาเลือก และมีหน่วยกิตเท่าไร?,"เลือก, หน่วยกิต 3(3-0-6)",ocr153;ocr234,
หมวดศึกษาทั่วไป,วิชา THAI WRITING IN WORKPLACE (90644050) เป็นวิชาบังคับหรือวิชาเลือก และมีหน่วยกิตเท่าไร?,"เลือก, หน่วยกิต 3(3-0-6)",ocr153;ocr235;ocr274,
หมวดศึกษาทั่วไป,วิชา THAI FOR DENTAL PROFESSIONS (90644051) เป็นวิชาบังคับหรือวิชาเลือก และมีหน่วยกิตเท่าไร?,"เลือก, หน่วยกิต 3(3-0-6)",ocr153;ocr235,
หมวดศึกษาทั่วไป,วิชา COMMUNICATION IN THAI FOR CULINARY PROFESSIONALS (90644052) เป็นวิชาบังคับหรือวิชาเลือก และมีหน่วยกิตเท่าไร?,"เลือก, หน่วยกิต 3(3-0-6)",ocr153;ocr235,
หมวดศึกษาทั่วไป,วิชา FUNDAMENTAL CHINESE FOR LISTENING AND SPEAKING (90644053) เป็นวิชาบังคับหรือวิชาเลือก และมีหน่วยกิตเท่าไร?,"เลือก, หน่วยกิต 3(3-0-6)",ocr153;ocr235;ocr267;ocr291,
หมวดศึกษาทั่วไป,วิชา FUNDAMENTAL CHINESE READING AND WRITING (90644054) เป็นวิชาบังคับหรือวิชาเลือก และมีหน่วยกิตเท่าไร?,"เลือก, หน่วยกิต 3(3-0-6)",ocr153,
หมวดศึกษาทั่วไป,วิชา BASIC CHINESE GRAMMAR AND CHINESE IDIOMS AND PROVERBS (90644055) เป็นวิชาบังคับหรือวิชาเลือก และมีหน่วยกิตเท่าไร?,"เลือก, หน่วยกิต 3(3-0-6)",ocr153;ocr236;ocr268;ocr291,
หมวดศึกษาทั่วไป,วิชา CHINESE CULTURE IDIOMS AND PROVERBS (90644056) เป็นวิชาบังคับหรือวิชาเลือก และมีหน่วยกิตเท่าไร?,"เลือก, หน่วยกิต 3(3-0-6)",ocr153;ocr236,
หมวดศึกษาทั่วไป,วิชา CHINESE FOR COMMUNUCATION (90644057) เป็นวิชาบังคับหรือวิชาเลือก และมีหน่วยกิตเท่าไร?,"เลือก, หน่วยกิต 3(3-0-6)",ocr153;ocr236;ocr270,
หมวดศึกษาทั่วไป,วิชา CHINESE FANDOM (90644058) เป็นวิชาบังคับหรือวิชาเลือก และมีหน่วยกิตเท่าไร?,"เลือก, หน่วยกิต 3(3-0-6)",ocr153;ocr236,
หมวดศึกษาทั่วไป,วิชา CHINESE FOR TRAVEL (90644059) เป็นวิชาบังคับหรือวิชาเลือก และมีหน่วยกิตเท่าไร?,"เลือก, หน่วยกิต 3(3-0-6)",ocr153;ocr237,
หมวดศึกษาทั่วไป,วิชา GERMAN FOR COMMUNUCATION (90644060) เป็นวิชาบังคับหรือวิชาเลือก และมีหน่วยกิตเท่าไร?,"เลือก, หน่วยกิต 3(3-0-6)",ocr153;ocr237,
หมวดศึกษาทั่วไป,วิชา GERMAN FOR WORK AND BUSINESS (90644061) เป็นวิชาบังคับหรือวิชาเลือก และมีหน่วยกิตเท่าไร?,"เลือก, หน่วยกิต 3(3-0-6)",ocr153;ocr237,
หมวดศึกษาทั่วไป,วิชา JAPANESE FOR COMMUNICATION (90644062) เป็นวิชาบังคับหรือวิชาเลือก และมีหน่วยกิตเท่าไร?,"เลือก, หน่วยกิต 3(3-0-6)",ocr153;ocr238;ocr270,
หมวดศึกษาทั่วไป,วิชา JAPANESE FOR TRAVEL (90644063) เป็นวิชาบังคับหรือวิชาเลือก และมีหน่วยกิตเท่าไร?,"เลือก, หน่วยกิต 3(3-0-6)",ocr154;ocr238,
หมวดศึกษาทั่วไป,วิชา KOREAN FOR TRAVEL (90644064) เป็นวิชาบังคับหรือวิชาเลือก และมีหน่วยกิตเท่าไร?,"เลือก, หน่วยกิต 3(3-0-6)",ocr154;ocr238,
หมวดศึกษาทั่วไป,วิชา VIETNAMESE FOR TRAVEL (90644065) เป็นวิชาบังคับหรือวิชาเลือก และมีหน่วยกิตเท่าไร?,"เลือก, หน่วยกิต 3(3-0-6)",ocr154,
หมวดศึกษาทั่วไป,วิชา MALAY FOR TRAVEL (90644066) เป็นวิชาบังคับหรือวิชาเลือก และมีหน่วยกิตเท่าไร?,"เลือก, หน่วยกิต 3(3-0-6)",ocr154;ocr239,
ข้อบังคับ,เกณฑ์การสำเร็จการศึกษา ของหลักสูตร IT กำหนดไว้อย่างไร?,"หน่วยกิตขั้นต่ำที่ต้องเรียนจบ: 129, GPA สะสมขั้นต่ำ: <2.00 (เรียนครบหน่วยกิจและสอบผ่านทุกรายวิชา และคะแนนเฉลี่ยสะสมไม่ต่ำกว่า 2.00)",ocr4;ocr93,
ข้อบังคับ,เกณฑ์เกียรตินิยม ของหลักสูตร IT กำหนดไว้อย่างไร?,"GPA อันดับ 1 เหรียญทอง: <3.75, GPA อันดับ 1: <3.50, GPA อันดับ 2: <3.25",4;41;42;45;46;49;50;51;52;53;55;59;64;ocr109;ocr110,2;25;22
ข้อบังคับ,เกณฑ์การลงทะเบียน ของหลักสูตร IT กำหนดไว้อย่างไร?,"หน่วยกิตขั้นต่ำ/ภาคปกติ: 9, หน่วยกิตสูงสุด/ภาคปกติ: 22, หน่วยกิตสูงสุดกรณีพิเศษ: >= 27",15;ocr101;ocr106;ocr107;ocr111;ocr117;ocr119;ocr120;ocr121;ocr122;ocr123;ocr135;ocr5,15;2;5;11
ข้อบังคับ,เกณฑ์การสำเร็จการศึกษา ของหลักสูตร DSBA กำหนดไว้อย่างไร?,"หน่วยกิตขั้นต่ำที่ต้องเรียนจบ: 132, GPA สะสมขั้นต่ำ: <2.00",76;ocr4,
ข้อบังคับ,เกณฑ์เกียรตินิยม ของหลักสูตร DSBA กำหนดไว้อย่างไร?,"GPA อันดับ 1 เหรียญทอง: <3.75, GPA อันดับ 1: <3.50",3;35;38;42;43;44;45;49;53;54;92;93,2;22
ข้อบังคับ,เกณฑ์การลงทะเบียน ของหลักสูตร DSBA กำหนดไว้อย่างไร?,"หน่วยกิตขั้นต่ำ/ภาคปกติ: 9, หน่วยกิตสูงสุด/ภาคปกติ: 22",12;84;89;90;94;100;102;103;104;105;106;118;ocr5,5;11;2;12;15
ข้อบังคับ,เกณฑ์การสำเร็จการศึกษา ของหลักสูตร AIT กำหนดไว้อย่างไร?,"หน่วยกิตขั้นต่ำที่ต้องเรียนจบ: 120, GPA สะสมขั้นต่ำ: <2.00",ocr64;ocr68,7
ข้อบังคับ,เกณฑ์เกียรตินิยม ของหลักสูตร AIT กำหนดไว้อย่างไร?,"GPA อันดับ 1 เหรียญทอง: <3.75, GPA อันดับ 1: <3.50",ocr45;ocr48;ocr56;ocr88;ocr89,
ข้อบังคับ,เกณฑ์การลงทะเบียน ของหลักสูตร AIT กำหนดไว้อย่างไร?,"หน่วยกิตขั้นต่ำ/ภาคปกติ: 9, หน่วยกิตสูงสุด/ภาคปกติ: 22",ocr101;ocr104;ocr105;ocr106;ocr107;ocr18;ocr71;ocr81;ocr82;ocr83;ocr84;ocr89;ocr93,6;15;21;22;23;9;5;25
